      FROM CHEASE BUT CO #150840  3000ms20250902   0 129 129
 0.179816276E+01 0.290702834E+01 0.208541624E+01 0.110135099E+01 0.000000000E+00
 0.208692863E+01 0.195910374E-04-0.296304647E+01 0.000000000E+00 0.109000000E+02
 0.959920876E+07-0.296304647E+01 0.000000000E+00 0.208692863E+01 0.000000000E+00
 0.195910374E-04 0.000000000E+00 0.000000000E+00 0.000000000E+00 0.000000000E+00
 0.241358425E+02 0.241168905E+02 0.240979291E+02 0.240789555E+02 0.240600497E+02
 0.240412093E+02 0.240224039E+02 0.240036394E+02 0.239849574E+02 0.239663130E+02
 0.239477470E+02 0.239292405E+02 0.239107999E+02 0.238924338E+02 0.238741447E+02
 0.238559346E+02 0.238378056E+02 0.238197599E+02 0.238018010E+02 0.237839335E+02
 0.237661590E+02 0.237484798E+02 0.237308987E+02 0.237134186E+02 0.236960422E+02
 0.236787702E+02 0.236616078E+02 0.236445535E+02 0.236276137E+02 0.236107866E+02
 0.235940777E+02 0.235774882E+02 0.235610183E+02 0.235446746E+02 0.235284530E+02
 0.235123595E+02 0.234963982E+02 0.234805638E+02 0.234648621E+02 0.234492986E+02
 0.234338697E+02 0.234185755E+02 0.234034235E+02 0.233884154E+02 0.233735470E+02
 0.233588209E+02 0.233442425E+02 0.233298145E+02 0.233155347E+02 0.233014007E+02
 0.232874185E+02 0.232735915E+02 0.232599208E+02 0.232464055E+02 0.232330430E+02
 0.232198375E+02 0.232067929E+02 0.231939093E+02 0.231811886E+02 0.231686302E+02
 0.231562323E+02 0.231439978E+02 0.231319298E+02 0.231200292E+02 0.231082967E+02
 0.230967335E+02 0.230853394E+02 0.230741135E+02 0.230630573E+02 0.230521733E+02
 0.230414625E+02 0.230309253E+02 0.230205625E+02 0.230103751E+02 0.230003628E+02
 0.229905246E+02 0.229808623E+02 0.229713780E+02 0.229620723E+02 0.229529455E+02
 0.229439983E+02 0.229352312E+02 0.229266442E+02 0.229182363E+02 0.229100087E+02
 0.229019630E+02 0.228940998E+02 0.228864193E+02 0.228789221E+02 0.228716083E+02
 0.228644770E+02 0.228575283E+02 0.228507637E+02 0.228441840E+02 0.228377896E+02
 0.228315807E+02 0.228255567E+02 0.228197168E+02 0.228140620E+02 0.228085934E+02
 0.228033115E+02 0.227982159E+02 0.227933059E+02 0.227885813E+02 0.227840431E+02
 0.227796923E+02 0.227755281E+02 0.227715496E+02 0.227677573E+02 0.227641520E+02
 0.227607339E+02 0.227575017E+02 0.227544561E+02 0.227515977E+02 0.227489260E+02
 0.227464406E+02 0.227441418E+02 0.227420297E+02 0.227401039E+02 0.227383644E+02
 0.227368115E+02 0.227354452E+02 0.227342653E+02 0.227332715E+02 0.227324641E+02
 0.227318454E+02 0.227314158E+02 0.227311547E+02 0.227310370E+02
 0.105743830E+07 0.102833283E+07 0.100013066E+07 0.972840619E+06 0.946111913E+06
 0.919958596E+06 0.894514173E+06 0.869751377E+06 0.845485955E+06 0.821918771E+06
 0.798871892E+06 0.776429945E+06 0.754564738E+06 0.733237563E+06 0.712438726E+06
 0.692159387E+06 0.672391505E+06 0.653125503E+06 0.634347196E+06 0.616036518E+06
 0.598188004E+06 0.580792947E+06 0.563839586E+06 0.547315795E+06 0.531209825E+06
 0.515518980E+06 0.500221510E+06 0.485324418E+06 0.470800400E+06 0.456657106E+06
 0.442871491E+06 0.429440101E+06 0.416362147E+06 0.403609568E+06 0.391201379E+06
 0.379112177E+06 0.367323572E+06 0.355860502E+06 0.344696902E+06 0.333809329E+06
 0.323214508E+06 0.312912912E+06 0.302871528E+06 0.293084093E+06 0.283569747E+06
 0.274318091E+06 0.265304852E+06 0.256519074E+06 0.247971509E+06 0.239673426E+06
 0.231598900E+06 0.223732596E+06 0.216070707E+06 0.208618104E+06 0.201386419E+06
 0.194356921E+06 0.187513519E+06 0.180855013E+06 0.174374782E+06 0.168075637E+06
 0.161965186E+06 0.156032038E+06 0.150262261E+06 0.144652449E+06 0.139199471E+06
 0.133898435E+06 0.128750351E+06 0.123759953E+06 0.118920662E+06 0.114221031E+06
 0.109656578E+06 0.105225039E+06 0.100923409E+06 0.967475255E+05 0.926986438E+05
 0.887807638E+05 0.849868790E+05 0.813080303E+05 0.777408298E+05 0.742837891E+05
 0.709337303E+05 0.676876145E+05 0.645465453E+05 0.615137225E+05 0.585836760E+05
 0.557487671E+05 0.530061211E+05 0.503541603E+05 0.477901446E+05 0.453131863E+05
 0.429259048E+05 0.406283103E+05 0.384131299E+05 0.362757771E+05 0.342141739E+05
 0.322269382E+05 0.303152767E+05 0.284824809E+05 0.267237756E+05 0.250326183E+05
 0.234060954E+05 0.218453040E+05 0.203525200E+05 0.189274730E+05 0.175647367E+05
 0.162591306E+05 0.150119221E+05 0.138271927E+05 0.127014522E+05 0.116290595E+05
 0.106092150E+05 0.964625056E+04 0.873641372E+04 0.787587304E+04 0.706513712E+04
 0.630555809E+04 0.559377079E+04 0.492825964E+04 0.431022305E+04 0.373749572E+04
 0.320877506E+04 0.272323353E+04 0.227983184E+04 0.187805618E+04 0.151823203E+04
 0.119967072E+04 0.919061849E+03 0.675801268E+03 0.469971809E+03
-0.202053505E+02-0.197069203E+02-0.197633047E+02-0.197069571E+02-0.196114107E+02
-0.195429241E+02-0.195045853E+02-0.194098668E+02-0.193375432E+02-0.192663290E+02
-0.191717786E+02-0.190998841E+02-0.190093994E+02-0.189168603E+02-0.188216853E+02
-0.187249145E+02-0.186261285E+02-0.185249370E+02-0.184191282E+02-0.183100846E+02
-0.182001555E+02-0.180872398E+02-0.179722301E+02-0.178531329E+02-0.177347700E+02
-0.176112914E+02-0.174878933E+02-0.173615052E+02-0.172325064E+02-0.171040335E+02
-0.169685337E+02-0.168371855E+02-0.166990121E+02-0.165604912E+02-0.164247087E+02
-0.162782131E+02-0.161362943E+02-0.159958508E+02-0.158459056E+02-0.156965546E+02
-0.155516225E+02-0.154018214E+02-0.152451784E+02-0.150924784E+02-0.149420272E+02
-0.147858649E+02-0.146258485E+02-0.144651705E+02-0.143096074E+02-0.141520779E+02
-0.139878782E+02-0.138233070E+02-0.136575027E+02-0.134956948E+02-0.133334856E+02
-0.131653706E+02-0.129967719E+02-0.128273609E+02-0.126567990E+02-0.124888604E+02
-0.123209430E+02-0.121489318E+02-0.119756391E+02-0.118020466E+02-0.116276641E+02
-0.114525992E+02-0.112789379E+02-0.111056438E+02-0.109297323E+02-0.107524033E+02
-0.105748499E+02-0.103969000E+02-0.102183771E+02-0.100391858E+02-0.986160444E+01
-0.968410988E+01-0.950404854E+01-0.932302024E+01-0.914196167E+01-0.896070236E+01
-0.877888485E+01-0.859678167E+01-0.841590772E+01-0.823529463E+01-0.805284927E+01
-0.786965433E+01-0.768639165E+01-0.750289436E+01-0.731915780E+01-0.713590181E+01
-0.695365156E+01-0.677066093E+01-0.658627974E+01-0.640170955E+01-0.621709878E+01
-0.603239578E+01-0.584907896E+01-0.566592241E+01-0.548146629E+01-0.529619967E+01
-0.511123451E+01-0.492685465E+01-0.474338372E+01-0.455956843E+01-0.437457644E+01
-0.418933483E+01-0.400555613E+01-0.382235387E+01-0.363806760E+01-0.345308887E+01
-0.326931156E+01-0.308608096E+01-0.290180171E+01-0.271727173E+01-0.253419435E+01
-0.235061025E+01-0.216674928E+01-0.198341552E+01-0.180046100E+01-0.161697238E+01
-0.143352434E+01-0.125047291E+01-0.106725037E+01-0.884618435E+00-0.700578406E+00
-0.514463763E+00-0.334215533E+00-0.178032799E+00-0.658326056E-01
-0.119419762E+07-0.124558311E+07-0.119525413E+07-0.116567256E+07-0.114308226E+07
-0.111550768E+07-0.108246093E+07-0.105986952E+07-0.103313119E+07-0.100609264E+07
-0.983315425E+06-0.956353670E+06-0.932893314E+06-0.909809963E+06-0.887214949E+06
-0.864927155E+06-0.843041732E+06-0.821579803E+06-0.801003822E+06-0.780999694E+06
-0.761138168E+06-0.741849005E+06-0.722941326E+06-0.704811079E+06-0.686609416E+06
-0.669350303E+06-0.652087521E+06-0.635393837E+06-0.619241211E+06-0.603000556E+06
-0.588044730E+06-0.572330270E+06-0.557920965E+06-0.543577966E+06-0.528728527E+06
-0.515926799E+06-0.502273683E+06-0.488379677E+06-0.476325038E+06-0.464162706E+06
-0.451176888E+06-0.439154581E+06-0.428438797E+06-0.416983151E+06-0.405131369E+06
-0.394391044E+06-0.384408840E+06-0.374576516E+06-0.363790005E+06-0.353396011E+06
-0.344314838E+06-0.335339262E+06-0.326608181E+06-0.317150414E+06-0.307815926E+06
-0.299639486E+06-0.291603706E+06-0.283737702E+06-0.276114357E+06-0.268041739E+06
-0.259984059E+06-0.252733741E+06-0.245777196E+06-0.238918258E+06-0.232246681E+06
-0.225741544E+06-0.218996032E+06-0.212213203E+06-0.205980571E+06-0.200085156E+06
-0.194286457E+06-0.188609590E+06-0.183074766E+06-0.177700203E+06-0.172076753E+06
-0.166476096E+06-0.161371724E+06-0.156498075E+06-0.151703912E+06-0.147004197E+06
-0.142452609E+06-0.137997668E+06-0.133354117E+06-0.128716919E+06-0.124488272E+06
-0.120462415E+06-0.116503885E+06-0.112642005E+06-0.108886776E+06-0.105098075E+06
-0.101154554E+06-0.974095182E+05-0.940032294E+05-0.906853353E+05-0.874299629E+05
-0.842609464E+05-0.808744885E+05-0.775134597E+05-0.744768162E+05-0.716646535E+05
-0.688497442E+05-0.659803134E+05-0.629998680E+05-0.601591286E+05-0.576139241E+05
-0.551819614E+05-0.525417871E+05-0.498503294E+05-0.474381793E+05-0.452318541E+05
-0.428443516E+05-0.403942409E+05-0.382143803E+05-0.361568482E+05-0.338767904E+05
-0.317581380E+05-0.297604270E+05-0.277289486E+05-0.256863149E+05-0.237898229E+05
-0.219178212E+05-0.200274542E+05-0.182742057E+05-0.164572016E+05-0.146200873E+05
-0.129291437E+05-0.113179509E+05-0.971181766E+04-0.804206170E+04
 3.785205497e+00 3.749201370e+00 3.713243628e+00 3.677333808e+00 3.641462849e+00
 3.605623451e+00 3.569808702e+00 3.534011623e+00 3.498225222e+00 3.462442521e+00
 3.426656572e+00 3.390860489e+00 3.355047409e+00 3.319210678e+00 3.283344871e+00
 3.247445359e+00 3.211507601e+00 3.175527518e+00 3.139501942e+00 3.103428230e+00
 3.067304086e+00 3.031127024e+00 2.994893733e+00 2.958598383e+00 2.922230073e+00
 2.885776277e+00 2.849224889e+00 2.812564197e+00 2.775782830e+00 2.738869796e+00
 2.701814435e+00 2.664606692e+00 2.627239203e+00 2.589708901e+00 2.552014310e+00
 2.514154540e+00 2.476128995e+00 2.437937011e+00 2.399578214e+00 2.361052418e+00
 2.322356983e+00 2.283484286e+00 2.244425902e+00 2.205174306e+00 2.165722543e+00
 2.126064239e+00 2.086193758e+00 2.046107351e+00 2.005805076e+00 1.965289965e+00
 1.924565970e+00 1.883636562e+00 1.842505282e+00 1.801176413e+00 1.759655025e+00
 1.717944608e+00 1.676048341e+00 1.633970163e+00 1.591713941e+00 1.549284372e+00
 1.506687367e+00 1.463929118e+00 1.421015949e+00 1.377955607e+00 1.334757659e+00
 1.291433441e+00 1.247996116e+00 1.204461839e+00 1.160850175e+00 1.117182333e+00
 1.073480600e+00 1.029768342e+00 9.860661641e-01 9.423773480e-01 8.986901347e-01
 8.549937258e-01 8.112805289e-01 7.675506554e-01 7.238689629e-01 6.804264839e-01
 6.374448085e-01 5.951395205e-01 5.537165067e-01 5.131432736e-01 4.727777322e-01
 4.317734181e-01 3.893321787e-01 3.447204962e-01 2.979119351e-01 2.504994751e-01
 2.046325609e-01 1.623138565e-01 1.252612151e-01 9.495922666e-02 7.280248615e-02
 5.999973767e-02 5.785822053e-02 6.789988579e-02 9.029517757e-02 1.240235279e-01
 1.675161891e-01 2.187393244e-01 2.755873256e-01 3.366775483e-01 4.010455068e-01
 4.678412647e-01 5.361733094e-01 6.051486476e-01 6.743112402e-01 7.437795549e-01
 8.138352813e-01 8.847968649e-01 9.570321582e-01 1.030948546e+00 1.106797284e+00
 1.184495045e+00 1.263852958e+00 1.344680755e+00 1.426785144e+00 1.509964840e+00
 1.594010171e+00 1.678742188e+00 1.764085875e+00 1.850021133e+00 1.936535576e+00
 2.023619245e+00 2.111269939e+00 2.199508083e+00 2.288260476e+00 3.708877703e+00
 3.672733127e+00 3.636640695e+00 3.600604643e+00 3.564617033e+00 3.528670581e+00
 3.492758200e+00 3.456872876e+00 3.421007623e+00 3.385155460e+00 3.349309427e+00
 3.313462607e+00 3.277608150e+00 3.241739259e+00 3.205849474e+00 3.169933520e+00
 3.133986850e+00 3.098005080e+00 3.061984407e+00 3.025921903e+00 2.989815187e+00
 2.953662152e+00 2.917460362e+00 2.881206273e+00 2.844892915e+00 2.808508900e+00
 2.772041899e+00 2.735480067e+00 2.698811967e+00 2.662026542e+00 2.625113150e+00
 2.588061520e+00 2.550862605e+00 2.513511163e+00 2.476005368e+00 2.438344450e+00
 2.400528155e+00 2.362556326e+00 2.324428869e+00 2.286146091e+00 2.247707548e+00
 2.209108340e+00 2.170340548e+00 2.131396757e+00 2.092270358e+00 2.052955320e+00
 2.013446281e+00 1.973739222e+00 1.933833406e+00 1.893731802e+00 1.853439079e+00
 1.812959726e+00 1.772298016e+00 1.731458797e+00 1.690447888e+00 1.649270295e+00
 1.607930041e+00 1.566431985e+00 1.524781021e+00 1.482982649e+00 1.441043643e+00
 1.398971325e+00 1.356773040e+00 1.314457469e+00 1.272035158e+00 1.229518512e+00
 1.186921797e+00 1.144262195e+00 1.101560415e+00 1.058838917e+00 1.016121284e+00
 9.734321764e-01 9.307933301e-01 8.882090806e-01 8.456694114e-01 8.031655752e-01
 7.606918555e-01 7.182531150e-01 6.759286899e-01 6.339166402e-01 5.924362784e-01
 5.517034047e-01 5.119048417e-01 4.729093396e-01 4.340097478e-01 3.943841609e-01
 3.532564951e-01 3.099987586e-01 2.649974866e-01 2.200760041e-01 1.773358842e-01
 1.386462647e-01 1.055904953e-01 7.955327525e-02 6.181738572e-02 5.351363196e-02
 5.604218699e-02 7.057391894e-02 9.674456863e-02 1.333959875e-01 1.788128060e-01
 2.309328278e-01 2.879860110e-01 3.488545592e-01 4.126545541e-01 4.785223479e-01
 5.455432624e-01 6.130030479e-01 6.808074859e-01 7.491830882e-01 8.184266686e-01
 8.888790442e-01 9.609355884e-01 1.034923160e+00 1.110856284e+00 1.188562962e+00
 1.267848353e+00 1.348517037e+00 1.430366128e+00 1.513183315e+00 1.596775742e+00
 1.681040588e+00 1.765946520e+00 1.851477925e+00 1.937622585e+00 2.024372661e+00
 2.111728685e+00 2.199715402e+00 2.288255507e+00 3.632779321e+00 3.596484487e+00
 3.560247021e+00 3.524072693e+00 3.487955157e+00 3.451888396e+00 3.415865430e+00
 3.379879072e+00 3.343922295e+00 3.307988124e+00 3.272069598e+00 3.236159784e+00
 3.200251814e+00 3.164338884e+00 3.128414241e+00 3.092471606e+00 3.056505925e+00
 3.020512770e+00 2.984487915e+00 2.948427868e+00 2.912330000e+00 2.876192235e+00
 2.840012693e+00 2.803789043e+00 2.767517447e+00 2.731189728e+00 2.694794093e+00
 2.658318474e+00 2.621751344e+00 2.585081597e+00 2.548298557e+00 2.511391966e+00
 2.474352076e+00 2.437171335e+00 2.399846629e+00 2.362377170e+00 2.324762935e+00
 2.287004281e+00 2.249101543e+00 2.211055362e+00 2.172866560e+00 2.134533356e+00
 2.096049195e+00 2.057406836e+00 2.018599989e+00 1.979623011e+00 1.940470923e+00
 1.901139723e+00 1.861627962e+00 1.821938294e+00 1.782075927e+00 1.742046450e+00
 1.701854995e+00 1.661507075e+00 1.621009190e+00 1.580367854e+00 1.539588129e+00
 1.498675815e+00 1.457636953e+00 1.416477945e+00 1.375206480e+00 1.333831057e+00
 1.292360158e+00 1.250803483e+00 1.209172636e+00 1.167481171e+00 1.125744542e+00
 1.083981058e+00 1.042212643e+00 1.000463094e+00 9.587573687e-01 9.171215014e-01
 8.755784477e-01 8.341337418e-01 7.927793005e-01 7.515086069e-01 7.103180860e-01
 6.692181094e-01 6.283028302e-01 5.877753307e-01 5.478520352e-01 5.087482507e-01
 4.706230840e-01 4.332368774e-01 3.958442402e-01 3.576549274e-01 3.179221281e-01
 2.761782152e-01 2.332436524e-01 1.910657547e-01 1.516571897e-01 1.167403306e-01
 8.775790682e-02 6.600230460e-02 5.261367821e-02 4.871155648e-02 5.574632923e-02
 7.433634075e-02 1.038152557e-01 1.428874244e-01 1.897259593e-01 2.423534335e-01
 2.993857209e-01 3.598574616e-01 4.229189076e-01 4.876742702e-01 5.532575826e-01
 6.192836089e-01 6.858839641e-01 7.533305842e-01 8.219368289e-01 8.920748184e-01
 9.641183983e-01 1.038198030e+00 1.114170847e+00 1.191836428e+00 1.270996742e+00
 1.351447715e+00 1.432974730e+00 1.515370541e+00 1.598502998e+00 1.682328695e+00
 1.766829401e+00 1.851989831e+00 1.937799559e+00 2.024253357e+00 2.111355219e+00
 2.199131271e+00 2.287490850e+00 3.556962670e+00 3.520506567e+00 3.484112493e+00
 3.447787420e+00 3.411525687e+00 3.375323045e+00 3.339173919e+00 3.303071279e+00
 3.267007918e+00 3.230976812e+00 3.194971009e+00 3.158983579e+00 3.123007637e+00
 3.087036372e+00 3.051063053e+00 3.015081026e+00 2.979084205e+00 2.943067749e+00
 2.907027376e+00 2.870959076e+00 2.834859686e+00 2.798726901e+00 2.762558963e+00
 2.726354208e+00 2.690110347e+00 2.653822990e+00 2.617482910e+00 2.581078206e+00
 2.544597164e+00 2.508028620e+00 2.471361866e+00 2.434586674e+00 2.397693230e+00
 2.360672657e+00 2.323519486e+00 2.286232339e+00 2.248811334e+00 2.211257223e+00
 2.173570931e+00 2.135753454e+00 2.097806235e+00 2.059729946e+00 2.021520692e+00
 1.983171774e+00 1.944677140e+00 1.906031597e+00 1.867230624e+00 1.828270505e+00
 1.789149378e+00 1.749869309e+00 1.710435806e+00 1.670855537e+00 1.631134694e+00
 1.591279584e+00 1.551297394e+00 1.511195999e+00 1.470981786e+00 1.430661548e+00
 1.390242580e+00 1.349732325e+00 1.309139464e+00 1.268473721e+00 1.227744859e+00
 1.186963705e+00 1.146143019e+00 1.105297600e+00 1.064444206e+00 1.023602387e+00
 9.827953799e-01 9.420484147e-01 9.013879325e-01 8.608414378e-01 8.204332119e-01
 7.801701760e-01 7.400464165e-01 7.000578693e-01 6.602034794e-01 6.205000564e-01
 5.810564790e-01 5.420786338e-01 5.037795048e-01 4.663715930e-01 4.299745270e-01
 3.942391995e-01 3.584094916e-01 3.217322778e-01 2.835090237e-01 2.435071551e-01
 2.029424357e-01 1.637878763e-01 1.279244766e-01 9.691592407e-02 7.206305320e-02
 5.455131340e-02 4.538297004e-02 4.573724302e-02 5.694184277e-02 7.907368905e-02
 1.113161714e-01 1.522264629e-01 1.999324501e-01 2.527288720e-01 3.095069674e-01
 3.693881409e-01 4.315098405e-01 4.949613668e-01 5.590813844e-01 6.238199362e-01
 6.894024589e-01 7.561154524e-01 8.242996348e-01 8.943394835e-01 9.664717447e-01
 1.040614937e+00 1.116570469e+00 1.194136477e+00 1.273107568e+00 1.353267596e+00
 1.434399158e+00 1.516343201e+00 1.599038947e+00 1.682463192e+00 1.766597231e+00
 1.851427068e+00 1.936944971e+00 2.023149210e+00 2.110045862e+00 2.197649310e+00
 2.285843697e+00 3.481440518e+00 3.444812785e+00 3.408251292e+00 3.371764067e+00
 3.335345904e+00 3.298993357e+00 3.262702607e+00 3.226468141e+00 3.190282976e+00
 3.154139906e+00 3.118031921e+00 3.081952102e+00 3.045893568e+00 3.009849497e+00
 2.973813157e+00 2.937777908e+00 2.901737220e+00 2.865685235e+00 2.829617335e+00
 2.793529412e+00 2.757417715e+00 2.721279446e+00 2.685112661e+00 2.648915935e+00
 2.612687821e+00 2.576426017e+00 2.540125360e+00 2.503775780e+00 2.467365504e+00
 2.430883240e+00 2.394318251e+00 2.357660304e+00 2.320899676e+00 2.284027143e+00
 2.247035181e+00 2.209920659e+00 2.172683571e+00 2.135324939e+00 2.097846273e+00
 2.060249112e+00 2.022535304e+00 1.984706899e+00 1.946763289e+00 1.908699197e+00
 1.870508850e+00 1.832187510e+00 1.793731170e+00 1.755136592e+00 1.716401868e+00
 1.677528393e+00 1.638521710e+00 1.599389413e+00 1.560138961e+00 1.520777603e+00
 1.481313298e+00 1.441755053e+00 1.402110877e+00 1.362388642e+00 1.322596968e+00
 1.282744507e+00 1.242841023e+00 1.202897519e+00 1.162925176e+00 1.122936071e+00
 1.082944225e+00 1.042965789e+00 1.003018940e+00 9.631245968e-01 9.233074131e-01
 8.835941591e-01 8.440128674e-01 8.045926181e-01 7.653591340e-01 7.263209272e-01
 6.874745069e-01 6.488184990e-01 6.103548223e-01 5.721076664e-01 5.341999473e-01
 4.968383169e-01 4.602319355e-01 4.245865551e-01 3.899693254e-01 3.559327411e-01
 3.217323320e-01 2.866546316e-01 2.500796435e-01 2.120895799e-01 1.741902787e-01
 1.383101588e-01 1.061660470e-01 7.915236022e-02 5.843574913e-02 4.505677437e-02
 3.993572927e-02 4.434573145e-02 5.925124646e-02 8.440712193e-02 1.188667638e-01
 1.610682357e-01 2.091988081e-01 2.619096627e-01 3.182401993e-01 3.773469728e-01
 4.383353926e-01 5.003693178e-01 5.631316434e-01 6.267605376e-01 6.915121777e-01
 7.576929799e-01 8.256724230e-01 8.957643602e-01 9.679787306e-01 1.042130474e+00
 1.118013155e+00 1.195419870e+00 1.274133469e+00 1.353929556e+00 1.434624463e+00
 1.516135713e+00 1.598433241e+00 1.681494680e+00 1.765302015e+00 1.849843907e+00
 1.935116146e+00 2.021119706e+00 2.107850770e+00 2.195297078e+00 2.283329432e+00
 3.406233066e+00 3.369423510e+00 3.332684077e+00 3.296023689e+00 3.259437465e+00
 3.222922566e+00 3.186475986e+00 3.150093920e+00 3.113771018e+00 3.077500373e+00
 3.041274789e+00 3.005087285e+00 2.968930991e+00 2.932799090e+00 2.896684842e+00
 2.860581615e+00 2.824482883e+00 2.788382272e+00 2.752274182e+00 2.716154235e+00
 2.680018527e+00 2.643863617e+00 2.607687115e+00 2.571487470e+00 2.535263617e+00
 2.499014319e+00 2.462737162e+00 2.426426025e+00 2.390070304e+00 2.353658548e+00
 2.317179947e+00 2.280624267e+00 2.243981832e+00 2.207243491e+00 2.170400857e+00
 2.133448379e+00 2.096385106e+00 2.059212193e+00 2.021931598e+00 1.984545554e+00
 1.947056377e+00 1.909466854e+00 1.871778992e+00 1.833990237e+00 1.796095446e+00
 1.758090263e+00 1.719971270e+00 1.681735823e+00 1.643382310e+00 1.604911629e+00
 1.566329065e+00 1.527642924e+00 1.488862050e+00 1.449994820e+00 1.411050092e+00
 1.372037857e+00 1.332967906e+00 1.293849341e+00 1.254692165e+00 1.215506428e+00
 1.176303093e+00 1.137094500e+00 1.097893387e+00 1.058713216e+00 1.019569390e+00
 9.804795261e-01 9.414633470e-01 9.025432833e-01 8.637455167e-01 8.250984759e-01
 7.866319040e-01 7.483765704e-01 7.103597680e-01 6.725918284e-01 6.350719608e-01
 5.978017437e-01 5.607865985e-01 5.240590326e-01 4.877547440e-01 4.520792100e-01
 4.172374593e-01 3.834232015e-01 3.506376473e-01 3.183563296e-01 2.858645831e-01
 2.524923000e-01 2.177393836e-01 1.820602755e-01 1.471159556e-01 1.147334717e-01
 8.644370012e-02 6.346144973e-02 4.682454467e-02 3.739909380e-02 3.610359835e-02
 4.424140455e-02 6.233757205e-02 8.999726315e-02 1.261256207e-01 1.691036685e-01
 2.173411118e-01 2.697469003e-01 3.254519246e-01 3.835992959e-01 4.432915148e-01
 5.039307124e-01 5.654975873e-01 6.282026014e-01 6.923177911e-01 7.581815261e-01
 8.261449247e-01 8.963262448e-01 9.685743727e-01 1.042679440e+00 1.118432234e+00
 1.195614814e+00 1.273998242e+00 1.353378351e+00 1.433646741e+00 1.514763753e+00
 1.596703048e+00 1.679442353e+00 1.762966248e+00 1.847266957e+00 1.932343459e+00
 2.018188451e+00 2.104771923e+00 2.192065282e+00 2.279938087e+00 3.331362568e+00
 3.294360784e+00 3.257432962e+00 3.220588637e+00 3.183823083e+00 3.147133909e+00
 3.110518758e+00 3.073974632e+00 3.037497844e+00 3.001083224e+00 2.964723964e+00
 2.928412893e+00 2.892143073e+00 2.855907699e+00 2.819700039e+00 2.783513457e+00
 2.747341445e+00 2.711177616e+00 2.675015786e+00 2.638850646e+00 2.602678078e+00
 2.566494420e+00 2.530296597e+00 2.494082664e+00 2.457851509e+00 2.421602440e+00
 2.385334413e+00 2.349044760e+00 2.312726351e+00 2.276368369e+00 2.239959839e+00
 2.203490504e+00 2.166950721e+00 2.130331457e+00 2.093624242e+00 2.056821942e+00
 2.019921470e+00 1.982923677e+00 1.945830835e+00 1.908645838e+00 1.871371678e+00
 1.834011669e+00 1.796569345e+00 1.759045558e+00 1.721436658e+00 1.683738707e+00
 1.645948900e+00 1.608065268e+00 1.570086756e+00 1.532014141e+00 1.493852236e+00
 1.455609800e+00 1.417297041e+00 1.378923694e+00 1.340499673e+00 1.302035938e+00
 1.263544034e+00 1.225034528e+00 1.186518858e+00 1.148008672e+00 1.109516270e+00
 1.071055414e+00 1.032640521e+00 9.942865975e-01 9.560105606e-01 9.178316216e-01
 8.797711891e-01 8.418533566e-01 8.041059646e-01 7.665592281e-01 7.292447313e-01
 6.921950565e-01 6.554392108e-01 6.189896008e-01 5.828484419e-01 5.470205601e-01
 5.115154753e-01 4.763748998e-01 4.417455053e-01 4.078297353e-01 3.748280968e-01
 3.429158877e-01 3.120161314e-01 2.815571555e-01 2.508680572e-01 2.193330985e-01
 1.866247182e-01 1.535631837e-01 1.218478720e-01 9.315250693e-02 6.880673565e-02
 4.984134932e-02 3.714412950e-02 3.142726112e-02 3.368746581e-02 4.509001450e-02
 6.586256180e-02 9.549546865e-02 1.327682376e-01 1.760928951e-01 2.241856871e-01
 2.761000718e-01 3.310057451e-01 3.880178340e-01 4.463400517e-01 5.057128782e-01
 5.662673600e-01 6.282388512e-01 6.919256557e-01 7.576808005e-01 8.257228602e-01
 8.959611767e-01 9.681883774e-01 1.042192026e+00 1.117753433e+00 1.194640993e+00
 1.272634328e+00 1.351596772e+00 1.431475594e+00 1.512239742e+00 1.593862387e+00
 1.676323622e+00 1.759611626e+00 1.843722235e+00 1.928647676e+00 2.014355071e+00
 2.100796481e+00 2.187940019e+00 2.275656171e+00 3.256852838e+00 3.219647534e+00
 3.182520516e+00 3.145481564e+00 3.108525666e+00 3.071650698e+00 3.034854777e+00
 2.998135560e+00 2.961490176e+00 2.924915071e+00 2.888405273e+00 2.851954088e+00
 2.815554394e+00 2.779199309e+00 2.742882114e+00 2.706596187e+00 2.670335016e+00
 2.634092245e+00 2.597861658e+00 2.561637296e+00 2.525414177e+00 2.489188468e+00
 2.452956787e+00 2.416716497e+00 2.380466132e+00 2.344205064e+00 2.307932986e+00
 2.271649021e+00 2.235350066e+00 2.199028073e+00 2.162672324e+00 2.126272445e+00
 2.089818819e+00 2.053302493e+00 2.016715166e+00 1.980049253e+00 1.943299453e+00
 1.906465253e+00 1.869549012e+00 1.832554138e+00 1.795484438e+00 1.758343829e+00
 1.721136727e+00 1.683866766e+00 1.646533090e+00 1.609132510e+00 1.571662788e+00
 1.534122712e+00 1.496511974e+00 1.458831635e+00 1.421086050e+00 1.383284148e+00
 1.345437333e+00 1.307556946e+00 1.269654141e+00 1.231740934e+00 1.193830463e+00
 1.155935054e+00 1.118067663e+00 1.080241703e+00 1.042470990e+00 1.004770805e+00
 9.671573739e-01 9.296474199e-01 8.922595217e-01 8.550146274e-01 8.179359846e-01
 7.810495160e-01 7.443848670e-01 7.079741805e-01 6.718510232e-01 6.360499269e-01
 6.006017732e-01 5.655213299e-01 5.308141571e-01 4.964886618e-01 4.625591136e-01
 4.290771998e-01 3.961982395e-01 3.641198846e-01 3.330371039e-01 3.030994170e-01
 2.741450587e-01 2.455883998e-01 2.168126071e-01 1.872763021e-01 1.568821401e-01
 1.267419498e-01 9.850469394e-02 7.364436554e-02 5.327473507e-02 3.824752049e-02
 2.926049795e-02 2.694051738e-02 3.239851283e-02 4.654381793e-02 6.948108924e-02
 1.005590863e-01 1.384883545e-01 1.818466565e-01 2.295790217e-01 2.808341830e-01
 3.347693465e-01 3.905109600e-01 4.475243045e-01 5.058027491e-01 5.655333314e-01
 6.269711595e-01 6.904443552e-01 7.562399798e-01 8.243557161e-01 8.945984345e-01
 9.667517173e-01 1.040595965e+00 1.115898285e+00 1.192426166e+00 1.270014327e+00
 1.348593006e+00 1.428125178e+00 1.508579116e+00 1.589929973e+00 1.672161461e+00
 1.755265721e+00 1.839233321e+00 1.924031800e+00 2.009608580e+00 2.095911770e+00
 2.182909046e+00 2.270471787e+00 3.182729662e+00 3.145308634e+00 3.107970658e+00
 3.070725912e+00 3.033568702e+00 2.996496682e+00 2.959508213e+00 2.922601425e+00
 2.885774111e+00 2.849023551e+00 2.812346337e+00 2.775737704e+00 2.739191100e+00
 2.702699471e+00 2.666256012e+00 2.629854114e+00 2.593487283e+00 2.557149166e+00
 2.520833587e+00 2.484534532e+00 2.448246313e+00 2.411964310e+00 2.375685001e+00
 2.339405344e+00 2.303123194e+00 2.266837623e+00 2.230548522e+00 2.194255987e+00
 2.157959252e+00 2.121654582e+00 2.085333257e+00 2.048984939e+00 2.012599962e+00
 1.976169450e+00 1.939685251e+00 1.903139901e+00 1.866527041e+00 1.829843846e+00
 1.793092101e+00 1.756275560e+00 1.719398782e+00 1.682466518e+00 1.645483857e+00
 1.608456134e+00 1.571386021e+00 1.534271917e+00 1.497112179e+00 1.459906407e+00
 1.422655163e+00 1.385360142e+00 1.348025534e+00 1.310660159e+00 1.273276375e+00
 1.235887280e+00 1.198505503e+00 1.161144273e+00 1.123818143e+00 1.086541474e+00
 1.049328845e+00 1.012195592e+00 9.751572520e-01 9.382307610e-01 9.014342665e-01
 8.647864063e-01 8.283075867e-01 7.920206497e-01 7.559508496e-01 7.201261200e-01
 6.845780764e-01 6.493409453e-01 6.144504312e-01 5.799431643e-01 5.458520805e-01
 5.121946288e-01 4.789800900e-01 4.462208313e-01 4.139365617e-01 3.821895200e-01
 3.511408830e-01 3.209818836e-01 2.918995648e-01 2.640094292e-01 2.370696724e-01
 2.105111843e-01 1.837796748e-01 1.564357570e-01 1.286621870e-01 1.017387489e-01
 7.719292843e-02 5.626466855e-02 3.983681816e-02 2.858226844e-02 2.298694828e-02
 2.369331198e-02 3.187378831e-02 4.824584898e-02 7.283682794e-02 1.048644661e-01
 1.430410388e-01 1.861868384e-01 2.333820216e-01 2.838180726e-01 3.366302375e-01
 3.910707557e-01 4.469209136e-01 5.042913668e-01 5.633915698e-01 6.245077710e-01
 6.879535679e-01 7.538284585e-01 8.219729640e-01 8.921682028e-01 9.641930442e-01
 1.037814192e+00 1.112790792e+00 1.188930539e+00 1.266142427e+00 1.344381615e+00
 1.423611071e+00 1.503800520e+00 1.584928719e+00 1.666983630e+00 1.749953552e+00
 1.833805539e+00 1.918485684e+00 2.003936481e+00 2.090105770e+00 2.176960765e+00
 2.264373967e+00 3.109020821e+00 3.071371042e+00 3.033809425e+00 2.996346702e+00
 2.958976603e+00 2.921696257e+00 2.884503728e+00 2.847397325e+00 2.810375314e+00
 2.773435647e+00 2.736575771e+00 2.699792438e+00 2.663081103e+00 2.626435385e+00
 2.589848323e+00 2.553313209e+00 2.516823568e+00 2.480373065e+00 2.443955535e+00
 2.407565015e+00 2.371195739e+00 2.334842328e+00 2.298500565e+00 2.262167278e+00
 2.225839820e+00 2.189516612e+00 2.153197315e+00 2.116882386e+00 2.080572325e+00
 2.044266397e+00 2.007960075e+00 1.971644335e+00 1.935309453e+00 1.898946576e+00
 1.862547686e+00 1.826105551e+00 1.789613715e+00 1.753067572e+00 1.716467145e+00
 1.679816175e+00 1.643119812e+00 1.606383761e+00 1.569613885e+00 1.532816568e+00
 1.495997445e+00 1.459157791e+00 1.422296874e+00 1.385415086e+00 1.348513960e+00
 1.311596102e+00 1.274665970e+00 1.237732144e+00 1.200807662e+00 1.163907366e+00
 1.127045640e+00 1.090237134e+00 1.053497750e+00 1.016844003e+00 9.802922793e-01
 9.438599663e-01 9.075645719e-01 8.714248479e-01 8.354609829e-01 7.996937404e-01
 7.641455407e-01 7.288412952e-01 6.938084488e-01 6.590771453e-01 6.246811563e-01
 5.906569639e-01 5.570425807e-01 5.238768993e-01 4.911951110e-01 4.590177042e-01
 4.273580978e-01 3.962330579e-01 3.656684392e-01 3.357373051e-01 3.066035044e-01
 2.784502965e-01 2.514530919e-01 2.256852387e-01 2.008416105e-01 1.763956909e-01
 1.518663236e-01 1.269498851e-01 1.021195426e-01 7.868932513e-02 5.800211272e-02
 4.104115958e-02 2.844921619e-02 2.069253721e-02 1.808008702e-02 2.137826327e-02
 3.174028744e-02 4.983868728e-02 7.558298927e-02 1.081099385e-01 1.462331192e-01
 1.889584074e-01 2.354630426e-01 2.849292620e-01 3.365187526e-01 3.897528476e-01
 4.446185722e-01 5.012709342e-01 5.599447181e-01 6.209430483e-01 6.844554598e-01
 7.503805996e-01 8.185031166e-01 8.885995956e-01 9.604367308e-01 1.033768517e+00
 1.108379327e+00 1.184152594e+00 1.261033193e+00 1.338978296e+00 1.417951695e+00
 1.497926630e+00 1.578886335e+00 1.660816293e+00 1.743682714e+00 1.827429582e+00
 1.911996921e+00 1.997326891e+00 2.083367099e+00 2.170084414e+00 2.257352296e+00
 3.035755271e+00 2.997863646e+00 2.960065030e+00 2.922371182e+00 2.884775561e+00
 2.847274873e+00 2.809866676e+00 2.772548881e+00 2.735319855e+00 2.698178020e+00
 2.661121499e+00 2.624147926e+00 2.587254231e+00 2.550436102e+00 2.513687361e+00
 2.477001164e+00 2.440370928e+00 2.403790337e+00 2.367253250e+00 2.330753723e+00
 2.294286049e+00 2.257844747e+00 2.221424806e+00 2.185022450e+00 2.148634897e+00
 2.112259969e+00 2.075896724e+00 2.039545476e+00 2.003207287e+00 1.966883051e+00
 1.930571942e+00 1.894268635e+00 1.857964178e+00 1.821649663e+00 1.785317173e+00
 1.748959679e+00 1.712570998e+00 1.676145975e+00 1.639682417e+00 1.603183156e+00
 1.566653697e+00 1.530100609e+00 1.493530773e+00 1.456951431e+00 1.420370111e+00
 1.383791745e+00 1.347217316e+00 1.310648042e+00 1.274086512e+00 1.237536431e+00
 1.201002972e+00 1.164494608e+00 1.128024775e+00 1.091609879e+00 1.055266362e+00
 1.019010522e+00 9.828597040e-01 9.468325294e-01 9.109474440e-01 8.752240034e-01
 8.396819668e-01 8.043420945e-01 7.692267484e-01 7.343590388e-01 6.997636097e-01
 6.654676393e-01 6.315009648e-01 5.978961591e-01 5.646893592e-01 5.319194937e-01
 4.996270701e-01 4.678534237e-01 4.366362275e-01 4.059994090e-01 3.759609893e-01
 3.465426574e-01 3.177771270e-01 2.897480242e-01 2.626184645e-01 2.365621292e-01
 2.117381907e-01 1.881713995e-01 1.655202931e-01 1.433229367e-01 1.211869886e-01
 9.897997625e-02 7.741025546e-02 5.771679738e-02 4.099839180e-02 2.796142909e-02
 1.900968571e-02 1.436106863e-02 1.423945775e-02 1.960502697e-02 3.162149326e-02
 5.096027917e-02 7.740028752e-02 1.100494292e-01 1.478829073e-01 1.900242764e-01
 2.356980730e-01 2.840720817e-01 3.344524207e-01 3.866385665e-01 4.407074682e-01
 4.968373892e-01 5.552930278e-01 6.163188631e-01 6.798958035e-01 7.458233346e-01
 8.138753072e-01 8.838184166e-01 9.554039797e-01 1.028397894e+00 1.102654843e+00
 1.178106203e+00 1.254702587e+00 1.332401324e+00 1.411169526e+00 1.490985086e+00
 1.571830048e+00 1.653669440e+00 1.736444946e+00 1.820093246e+00 1.904553857e+00
 1.989768723e+00 2.075685329e+00 2.162269904e+00 2.249396763e+00 2.962962255e+00
 2.924816317e+00 2.886767541e+00 2.848828858e+00 2.810994105e+00 2.773259973e+00
 2.735623628e+00 2.698082467e+00 2.660634368e+00 2.623277767e+00 2.586011240e+00
 2.548833101e+00 2.511741190e+00 2.474732638e+00 2.437803381e+00 2.400947473e+00
 2.364158223e+00 2.327429197e+00 2.290754273e+00 2.254127537e+00 2.217543307e+00
 2.180996176e+00 2.144481001e+00 2.107993191e+00 2.071529459e+00 2.035087463e+00
 1.998665578e+00 1.962263571e+00 1.925882481e+00 1.889524011e+00 1.853189423e+00
 1.816877662e+00 1.780582749e+00 1.744296171e+00 1.708010021e+00 1.671717453e+00
 1.635412581e+00 1.599090435e+00 1.562747616e+00 1.526384944e+00 1.490007749e+00
 1.453623265e+00 1.417239492e+00 1.380864656e+00 1.344507537e+00 1.308176222e+00
 1.271874671e+00 1.235605222e+00 1.199371539e+00 1.163178570e+00 1.127032572e+00
 1.090942312e+00 1.054921401e+00 1.018987546e+00 9.831594407e-01 9.474553233e-01
 9.118941802e-01 8.764966048e-01 8.412834015e-01 8.062764148e-01 7.714979334e-01
 7.369709615e-01 7.027201930e-01 6.687713114e-01 6.351514194e-01 6.018901844e-01
 5.690200583e-01 5.365762842e-01 5.045975993e-01 4.731255910e-01 4.422034673e-01
 4.118752045e-01 3.821812118e-01 3.531493025e-01 3.248026175e-01 2.971684065e-01
 2.702869381e-01 2.442513809e-01 2.192206845e-01 1.953571000e-01 1.727985477e-01
 1.515186628e-01 1.311742883e-01 1.113866866e-01 9.187165606e-02 7.269262906e-02
 5.468283147e-02 3.892201580e-02 2.621772206e-02 1.697581918e-02 1.135014583e-02
 9.297594140e-03 1.110900589e-02 1.796495051e-02 3.114550288e-02 5.126021809e-02
 7.799541562e-02 1.104871411e-01 1.478349071e-01 1.892584983e-01 2.339791181e-01
 2.812040048e-01 3.304962847e-01 3.818163736e-01 4.352781533e-01 4.910897919e-01
 5.495064312e-01 6.105996215e-01 6.742015294e-01 7.400850769e-01 8.080165946e-01
 8.777466056e-01 9.490272203e-01 1.021683441e+00 1.095629330e+00 1.170807685e+00
 1.247168790e+00 1.324672958e+00 1.403292073e+00 1.483004045e+00 1.563772268e+00
 1.645536015e+00 1.728228331e+00 1.811785156e+00 1.896145758e+00 1.981251938e+00
 2.067050695e+00 2.153507873e+00 2.240500229e+00 2.890671421e+00 2.852259252e+00
 2.813947794e+00 2.775750966e+00 2.737663086e+00 2.699681449e+00 2.661803362e+00
 2.624025865e+00 2.586346319e+00 2.548762594e+00 2.511273178e+00 2.473876805e+00
 2.436571999e+00 2.399356833e+00 2.362228657e+00 2.325183674e+00 2.288216206e+00
 2.251319748e+00 2.214488049e+00 2.177715214e+00 2.140995599e+00 2.104323831e+00
 2.067694850e+00 2.031103908e+00 1.994546902e+00 1.958021076e+00 1.921524593e+00
 1.885056472e+00 1.848617275e+00 1.812208834e+00 1.775833530e+00 1.739492956e+00
 1.703185677e+00 1.666905368e+00 1.630644303e+00 1.594395743e+00 1.558154075e+00
 1.521914718e+00 1.485674182e+00 1.449431448e+00 1.413190590e+00 1.376959181e+00
 1.340746212e+00 1.304561150e+00 1.268413862e+00 1.232314547e+00 1.196270956e+00
 1.160287315e+00 1.124368408e+00 1.088520545e+00 1.052751349e+00 1.017070389e+00
 9.814914266e-01 9.460331952e-01 9.107166458e-01 8.755623098e-01 8.405910837e-01
 8.058254437e-01 7.712887975e-01 7.370054296e-01 7.030004235e-01 6.692993113e-01
 6.359293141e-01 6.029189187e-01 5.702979499e-01 5.380988143e-01 5.063568249e-01
 4.751101599e-01 4.444004207e-01 4.142720900e-01 3.847713029e-01 3.559448977e-01
 3.278363053e-01 3.004777295e-01 2.738980216e-01 2.481307492e-01 2.232243511e-01
 1.992796487e-01 1.764479470e-01 1.548776373e-01 1.346804862e-01 1.157837372e-01
 9.788049846e-02 8.069238017e-02 6.406538485e-02 4.825641454e-02 3.408807311e-02
 2.241241299e-02 1.371322216e-02 8.056645235e-03 5.283941620e-03 5.160048024e-03
 8.260008485e-03 1.605360253e-02 2.994370272e-02 5.042562734e-02 7.712527327e-02
 1.092390414e-01 1.459559353e-01 1.865484758e-01 2.302313717e-01 2.763625415e-01
 3.247335890e-01 3.753738845e-01 4.284239408e-01 4.841109119e-01 5.425798886e-01
 6.037167872e-01 6.672995686e-01 7.330937958e-01 8.008504773e-01 8.703123644e-01
 9.412759340e-01 1.013633927e+00 1.087319495e+00 1.162275203e+00 1.238453831e+00
 1.315820519e+00 1.394348278e+00 1.473998317e+00 1.554707316e+00 1.636404486e+00
 1.719021824e+00 1.802494990e+00 1.886763046e+00 1.971767232e+00 2.057454182e+00
 2.143792569e+00 2.230665402e+00 2.818913291e+00 2.780223117e+00 2.741636956e+00
 2.703169346e+00 2.664814914e+00 2.626571539e+00 2.588437217e+00 2.550409279e+00
 2.512484807e+00 2.474661145e+00 2.436936157e+00 2.399308375e+00 2.361776692e+00
 2.324339867e+00 2.286996224e+00 2.249743362e+00 2.212577773e+00 2.175494082e+00
 2.138486008e+00 2.101547518e+00 2.064672988e+00 2.027857090e+00 1.991094810e+00
 1.954381491e+00 1.917712849e+00 1.881085334e+00 1.844496778e+00 1.807945918e+00
 1.771432530e+00 1.734958053e+00 1.698525191e+00 1.662137032e+00 1.625795441e+00
 1.589498503e+00 1.553239990e+00 1.517013271e+00 1.480812946e+00 1.444634816e+00
 1.408475801e+00 1.372334286e+00 1.336212346e+00 1.300117160e+00 1.264058459e+00
 1.228047022e+00 1.192093958e+00 1.156210965e+00 1.120409150e+00 1.084695845e+00
 1.049077233e+00 1.013561049e+00 9.781564932e-01 9.428744180e-01 9.077290151e-01
 8.727397935e-01 8.379297758e-01 8.033221640e-01 7.689400727e-01 7.348079407e-01
 7.009518644e-01 6.673987813e-01 6.341768202e-01 6.013143766e-01 5.688414362e-01
 5.367895260e-01 5.051914866e-01 4.740827431e-01 4.435017435e-01 4.134898954e-01
 3.840919604e-01 3.553555809e-01 3.273300760e-01 3.000654000e-01 2.736083328e-01
 2.479960213e-01 2.232636493e-01 1.994519522e-01 1.766179560e-01 1.548671783e-01
 1.343395437e-01 1.151661130e-01 9.742935595e-02 8.102884149e-02 6.573037332e-02
 5.137588832e-02 3.796743781e-02 2.590847016e-02 1.588211144e-02 8.373769457e-03
 3.440993597e-03 8.902852902e-04 3.556412243e-04 1.527492343e-03 5.256768492e-03
 1.348043275e-02 2.766183044e-02 4.817620089e-02 7.459330972e-02 1.061507051e-01
 1.421291473e-01 1.818060699e-01 2.244419481e-01 2.696191909e-01 3.172503284e-01
 3.673979988e-01 4.202320144e-01 4.759317999e-01 5.344552438e-01 5.955957967e-01
 6.591182594e-01 7.247748134e-01 7.923028427e-01 8.614735331e-01 9.321543392e-01
 1.004266342e+00 1.077743597e+00 1.152530555e+00 1.228584795e+00 1.305873590e+00
 1.384355296e+00 1.463963774e+00 1.544624155e+00 1.626264201e+00 1.708815586e+00
 1.792213696e+00 1.876396960e+00 1.961306268e+00 2.046891219e+00 2.133128151e+00
 2.219904666e+00 2.747720099e+00 2.708739707e+00 2.669866766e+00 2.631116192e+00
 2.592482474e+00 2.553963828e+00 2.515558848e+00 2.477265578e+00 2.439081549e+00
 2.401003941e+00 2.363030090e+00 2.325157864e+00 2.287385830e+00 2.249713042e+00
 2.212138513e+00 2.174660845e+00 2.137277920e+00 2.099986536e+00 2.062781665e+00
 2.025657291e+00 1.988607641e+00 1.951627408e+00 1.914711633e+00 1.877855720e+00
 1.841055482e+00 1.804307167e+00 1.767607859e+00 1.730956035e+00 1.694351097e+00
 1.657793694e+00 1.621286240e+00 1.584832391e+00 1.548435947e+00 1.512098970e+00
 1.475819132e+00 1.439590766e+00 1.403408610e+00 1.367268803e+00 1.331168770e+00
 1.295107188e+00 1.259084895e+00 1.223107570e+00 1.187185229e+00 1.151329792e+00
 1.115553871e+00 1.079870537e+00 1.044293263e+00 1.008833314e+00 9.734989926e-01
 9.382995301e-01 9.032458745e-01 8.683505561e-01 8.336287043e-01 7.991004813e-01
 7.647907173e-01 7.307255381e-01 6.969306432e-01 6.634326871e-01 6.302604162e-01
 5.974436932e-01 5.650139130e-01 5.330027262e-01 5.014431672e-01 4.703700515e-01
 4.398195631e-01 4.098304571e-01 3.804446239e-01 3.517070328e-01 3.236659457e-01
 2.963724639e-01 2.698793536e-01 2.442399303e-01 2.195046853e-01 1.957162563e-01
 1.729166051e-01 1.511543764e-01 1.304954939e-01 1.110479252e-01 9.293743576e-02
 7.627367707e-02 6.111137411e-02 4.735982497e-02 3.489739332e-02 2.370442745e-02
 1.388135473e-02 5.791525031e-03-1.700553980e-04-4.042464307e-03-6.200540164e-03
-6.607988967e-03-5.290115304e-03-2.657136672e-03 1.644803091e-03 9.895811931e-03
 2.399478386e-02 4.427634015e-02 7.021504341e-02 1.010954629e-01 1.362587139e-01
 1.749818847e-01 2.166627079e-01 2.610561604e-01 3.081290286e-01 3.579739229e-01
 4.107577021e-01 4.665109402e-01 5.250578161e-01 5.861645757e-01 6.495846794e-01
 7.150533332e-01 7.823216246e-01 8.512282636e-01 9.216792561e-01 9.935991546e-01
 1.066923213e+00 1.141600547e+00 1.217591762e+00 1.294851568e+00 1.373310729e+00
 1.452890013e+00 1.533512603e+00 1.615105881e+00 1.697601175e+00 1.780933146e+00
 1.865039947e+00 1.949865747e+00 2.035367797e+00 2.121528123e+00 2.208234866e+00
 2.677126064e+00 2.637842680e+00 2.598670374e+00 2.559624441e+00 2.520699049e+00
 2.481892300e+00 2.443203030e+00 2.404629855e+00 2.366171022e+00 2.327824311e+00
 2.289587038e+00 2.251456559e+00 2.213430753e+00 2.175508217e+00 2.137688170e+00
 2.099969897e+00 2.062352303e+00 2.024833591e+00 1.987410894e+00 1.950079568e+00
 1.912833910e+00 1.875668458e+00 1.838578274e+00 1.801558826e+00 1.764606004e+00
 1.727716164e+00 1.690886171e+00 1.654113825e+00 1.617398319e+00 1.580739823e+00
 1.544139988e+00 1.507602310e+00 1.471131477e+00 1.434731997e+00 1.398406052e+00
 1.362151140e+00 1.325962610e+00 1.289836844e+00 1.253771740e+00 1.217766585e+00
 1.181822194e+00 1.145942576e+00 1.110137130e+00 1.074418580e+00 1.038801081e+00
 1.003299266e+00 9.679284056e-01 9.327033390e-01 8.976356370e-01 8.627362982e-01
 8.280181364e-01 7.934956654e-01 7.591855371e-01 7.251086902e-01 6.912915161e-01
 6.577631020e-01 6.245521786e-01 5.916879770e-01 5.592018419e-01 5.271268541e-01
 4.954978703e-01 4.643502274e-01 4.337203499e-01 4.036466142e-01 3.741689133e-01
 3.453296902e-01 3.171746215e-01 2.897525808e-01 2.631156848e-01 2.373188160e-01
 2.124183668e-01 1.884710442e-01 1.655313505e-01 1.436485100e-01 1.228734444e-01
 1.032639845e-01 8.489562368e-02 6.788019943e-02 5.233049413e-02 3.833106154e-02
 2.589172405e-02 1.492095728e-02 5.427883105e-03-2.490706456e-03-8.853851677e-03
-1.369246699e-02-1.698236151e-02-1.878325030e-02-1.912001296e-02-1.757166370e-02
-1.415715248e-02-9.428023614e-03-3.505368596e-03 4.975679533e-03 1.870654106e-02
 3.852861603e-02 6.383853438e-02 9.397041276e-02 1.282822260e-01 1.660914067e-01
 2.069679649e-01 2.507539989e-01 2.974490622e-01 3.471669063e-01 3.999861926e-01
 4.557774999e-01 5.143143401e-01 5.753516213e-01 6.386248311e-01 7.038704498e-01
 7.708971658e-01 8.395923012e-01 9.098694652e-01 9.816537617e-01 1.054884842e+00
 1.129515617e+00 1.205496225e+00 1.282753972e+00 1.361204956e+00 1.440767398e+00
 1.521364025e+00 1.602921791e+00 1.685371197e+00 1.768646708e+00 1.852690131e+00
 1.937453421e+00 2.022899031e+00 2.109010506e+00 2.195674737e+00 2.607167349e+00
 2.567567761e+00 2.528082944e+00 2.488728707e+00 2.449498901e+00 2.410391408e+00
 2.371404900e+00 2.332538102e+00 2.293789774e+00 2.255158408e+00 2.216642042e+00
 2.178238180e+00 2.139944239e+00 2.101758115e+00 2.063678439e+00 2.025704590e+00
 1.987836145e+00 1.950072344e+00 1.912411747e+00 1.874851856e+00 1.837388455e+00
 1.800016206e+00 1.762730013e+00 1.725525367e+00 1.688398232e+00 1.651345061e+00
 1.614362835e+00 1.577449132e+00 1.540602558e+00 1.503823103e+00 1.467111831e+00
 1.430471531e+00 1.393906906e+00 1.357423748e+00 1.321027266e+00 1.284719703e+00
 1.248498792e+00 1.212361350e+00 1.176305665e+00 1.140331656e+00 1.104440759e+00
 1.068636455e+00 1.032926639e+00 9.973242503e-01 9.618447423e-01 9.265045747e-01
 8.913207433e-01 8.563107457e-01 8.214902458e-01 7.868726674e-01 7.524728075e-01
 7.183074082e-01 6.843951739e-01 6.507582530e-01 6.174244324e-01 5.844255907e-01
 5.517939691e-01 5.195617991e-01 4.877631065e-01 4.564344007e-01 4.256142149e-01
 3.953420184e-01 3.656580434e-01 3.366045410e-01 3.082254816e-01 2.805673753e-01
 2.536800545e-01 2.276165322e-01 2.024329681e-01 1.781883687e-01 1.549436955e-01
 1.327605048e-01 1.116979936e-01 9.181460162e-02 7.317750451e-02 5.585971873e-02
 3.994073336e-02 2.548689832e-02 1.256163746e-02 1.213860744e-03-8.622575949e-03
-1.711197196e-02-2.418398601e-02-2.971350321e-02-3.372486294e-02-3.639008610e-02
-3.775953092e-02-3.780061625e-02-3.625368055e-02-3.247548050e-02-2.673745523e-02
-1.979773202e-02-1.171553215e-02-1.897166046e-03 1.161640981e-02 3.076280202e-02
 5.534479322e-02 8.470293359e-02 1.181803953e-01 1.551956753e-01 1.954354282e-01
 2.387864884e-01 2.852780810e-01 3.349923261e-01 3.878553499e-01 4.436569285e-01
 5.021542009e-01 5.630847659e-01 6.261757092e-01 6.912068084e-01 7.580429540e-01
 8.265848190e-01 8.967462517e-01 9.684563320e-01 1.041659136e+00 1.116299162e+00
 1.192299801e+00 1.269572130e+00 1.348028991e+00 1.427588046e+00 1.508171503e+00
 1.589705385e+00 1.672120086e+00 1.755354104e+00 1.839357137e+00 1.924086035e+00
 2.009504341e+00 2.095595251e+00 2.182244097e+00 2.537881538e+00 2.497952547e+00
 2.458141784e+00 2.418465752e+00 2.378918208e+00 2.339496872e+00 2.300200189e+00
 2.261026668e+00 2.221975053e+00 2.183044248e+00 2.144232992e+00 2.105539589e+00
 2.066961795e+00 2.028497133e+00 1.990143525e+00 1.951899646e+00 1.913765035e+00
 1.875739570e+00 1.837822865e+00 1.800013879e+00 1.762310520e+00 1.724709049e+00
 1.687204549e+00 1.649792353e+00 1.612468451e+00 1.575229382e+00 1.538072245e+00
 1.500994749e+00 1.463995283e+00 1.427073361e+00 1.390229873e+00 1.353466916e+00
 1.316788569e+00 1.280200875e+00 1.243710803e+00 1.207324250e+00 1.171043530e+00
 1.134867180e+00 1.098793895e+00 1.062824158e+00 1.026960201e+00 9.912060025e-01
 9.555684108e-01 9.200596036e-01 8.846959142e-01 8.494956075e-01 8.144776425e-01
 7.796616834e-01 7.450671970e-01 7.107110960e-01 6.766104237e-01 6.427843491e-01
 6.092540568e-01 5.760435364e-01 5.431819982e-01 5.107038787e-01 4.786452717e-01
 4.470418994e-01 4.159307848e-01 3.853519483e-01 3.553478597e-01 3.259625362e-01
 2.972404881e-01 2.692281957e-01 2.419739533e-01 2.155285575e-01 1.899464464e-01
 1.652859893e-01 1.416086886e-01 1.189784603e-01 9.746397961e-02 7.713792842e-02
 5.806756130e-02 4.030797797e-02 2.389675344e-02 8.907760529e-03-4.595386668e-03
-1.669408203e-02-2.745557349e-02-3.688098237e-02-4.497460273e-02-5.167846573e-02
-5.683421394e-02-6.036194450e-02-6.241147477e-02-6.321116350e-02-6.277189236e-02
-6.100629041e-02-5.732986938e-02-5.111859531e-02-4.305590670e-02-3.404664004e-02
-2.385818793e-02-1.191817681e-02 2.366847870e-03 2.087831840e-02 4.465487301e-02
 7.326061992e-02 1.059921511e-01 1.423672934e-01 1.821359200e-01 2.252183261e-01
 2.716498511e-01 3.214014915e-01 3.742903848e-01 4.300787180e-01 4.885074575e-01
 5.492990894e-01 6.122077846e-01 6.770725449e-01 7.437785469e-01 8.122270866e-01
 8.823354391e-01 9.540375803e-01 1.027271168e+00 1.101955072e+00 1.177994954e+00
 1.255297814e+00 1.333775805e+00 1.413345972e+00 1.493929473e+00 1.575452328e+00
 1.657849347e+00 1.741066950e+00 1.825059440e+00 1.909784483e+00 1.995204991e+00
 2.081303217e+00 2.167963226e+00 2.469306214e+00 2.429035752e+00 2.388885982e+00
 2.348874498e+00 2.308995414e+00 2.269246534e+00 2.229626204e+00 2.190132693e+00
 2.150764497e+00 2.111520388e+00 2.072399381e+00 2.033400460e+00 1.994522211e+00
 1.955762692e+00 1.917119589e+00 1.878590869e+00 1.840175268e+00 1.801872476e+00
 1.763682690e+00 1.725605932e+00 1.687641612e+00 1.649788084e+00 1.612042135e+00
 1.574399340e+00 1.536855529e+00 1.499407271e+00 1.462051766e+00 1.424786863e+00
 1.387611105e+00 1.350523814e+00 1.313525520e+00 1.276618132e+00 1.239804946e+00
 1.203091498e+00 1.166485314e+00 1.129994591e+00 1.093625910e+00 1.057381860e+00
 1.021262378e+00 9.852684437e-01 9.494030556e-01 9.136711143e-01 8.780796570e-01
 8.426396958e-01 8.073677313e-01 7.722835102e-01 7.374082036e-01 7.027636428e-01
 6.683722996e-01 6.342553557e-01 6.004326934e-01 5.669260879e-01 5.337595568e-01
 5.009596034e-01 4.685571675e-01 4.365890824e-01 4.050954058e-01 3.741159265e-01
 3.436911458e-01 3.138646106e-01 2.846830029e-01 2.561951397e-01 2.284501576e-01
 2.014992386e-01 1.753962155e-01 1.501973328e-01 1.259625874e-01 1.027597337e-01
 8.066132062e-02 5.973704039e-02 4.004274205e-02 2.162229398e-02 4.541275516e-03
-1.118054234e-02-2.563838411e-02-3.881931197e-02-5.066885136e-02-6.118524188e-02
-7.038504688e-02-7.827508850e-02-8.481634658e-02-8.983870357e-02-9.314937433e-02
-9.474619112e-02-9.494410122e-02-9.395910705e-02-9.175006071e-02-8.816301624e-02
-8.214530052e-02-7.340147727e-02-6.320535207e-02-5.234020767e-02-4.021264238e-02
-2.591212960e-02-9.763359862e-03 8.742044457e-03 3.175745675e-02 5.965655457e-02
 9.178137239e-02 1.276749671e-01 1.671285899e-01 2.100889296e-01 2.565362639e-01
 3.063224078e-01 3.592201221e-01 4.149750046e-01 4.733090430e-01 5.339561949e-01
 5.967267734e-01 6.614874109e-01 7.281253177e-01 7.965445811e-01 8.666676628e-01
 9.384240330e-01 1.011727269e+00 1.086477151e+00 1.162574343e+00 1.239924985e+00
 1.318440496e+00 1.398036750e+00 1.478635017e+00 1.560166105e+00 1.642572712e+00
 1.725805555e+00 1.809819495e+00 1.894571384e+00 1.980022885e+00 2.066156309e+00
 2.152856397e+00 2.401476856e+00 2.360855283e+00 2.320355265e+00 2.279995451e+00
 2.239771080e+00 2.199680596e+00 2.159722557e+00 2.119895200e+00 2.080196799e+00
 2.040625850e+00 2.001181147e+00 1.961861791e+00 1.922666983e+00 1.883595622e+00
 1.844646106e+00 1.805816342e+00 1.767104383e+00 1.728509042e+00 1.690030155e+00
 1.651668250e+00 1.613423802e+00 1.575296718e+00 1.537285854e+00 1.499388574e+00
 1.461601018e+00 1.423919598e+00 1.386341548e+00 1.348864835e+00 1.311488167e+00
 1.274211051e+00 1.237033874e+00 1.199958305e+00 1.162987411e+00 1.126125884e+00
 1.089380899e+00 1.052761609e+00 1.016277481e+00 9.799358220e-01 9.437398967e-01
 9.076916426e-01 8.717947361e-01 8.360550667e-01 8.004806355e-01 7.650822302e-01
 7.298756782e-01 6.948817072e-01 6.601236017e-01 6.256256524e-01 5.914129522e-01
 5.575107389e-01 5.239426745e-01 4.907334134e-01 4.579101104e-01 4.255023780e-01
 3.935435015e-01 3.620726991e-01 3.311338541e-01 3.007714317e-01 2.710299113e-01
 2.419562709e-01 2.136016847e-01 1.860207648e-01 1.592686271e-01 1.334021578e-01
 1.084847259e-01 8.458374024e-02 6.176422203e-02 4.007700114e-02 1.957514287e-02
 3.236306314e-04-1.768160243e-02-3.451851907e-02-5.016222358e-02-6.456670642e-02
-7.770938162e-02-8.954454088e-02-1.000260043e-01-1.091373468e-01-1.168863164e-01
-1.232800764e-01-1.282410783e-01-1.315471362e-01-1.330135942e-01-1.327524283e-01
-1.312086573e-01-1.285333523e-01-1.246353194e-01-1.190951951e-01-1.105388220e-01
-9.933944811e-02-8.730391728e-02-7.481663779e-02-6.069516576e-02-4.408848689e-02
-2.581678106e-02-6.053549541e-03 1.668894332e-02 4.396192943e-02 7.561111327e-02
 1.111732116e-01 1.504525440e-01 1.933911746e-01 2.398713910e-01 2.896830334e-01
 3.425783020e-01 3.982820279e-01 4.565144968e-01 5.170562904e-01 5.797520564e-01
 6.444729854e-01 7.111084195e-01 7.795677244e-01 8.497706659e-01 9.216245708e-01
 9.950227863e-01 1.069859092e+00 1.146033062e+00 1.223449975e+00 1.302019947e+00
 1.381659084e+00 1.462293801e+00 1.543862701e+00 1.626312446e+00 1.709594034e+00
 1.793661350e+00 1.878469900e+00 1.963981603e+00 2.050180937e+00 2.136952918e+00
 2.334428605e+00 2.293447181e+00 2.252587728e+00 2.211869057e+00 2.171287019e+00
 2.130841258e+00 2.090531265e+00 2.050355678e+00 2.010312831e+00 1.970401047e+00
 1.930618820e+00 1.890964967e+00 1.851438650e+00 1.812039264e+00 1.772766038e+00
 1.733617732e+00 1.694592554e+00 1.655688688e+00 1.616905047e+00 1.578241612e+00
 1.539699254e+00 1.501278942e+00 1.462981139e+00 1.424805257e+00 1.386749304e+00
 1.348810062e+00 1.310984619e+00 1.273270980e+00 1.235667989e+00 1.198175350e+00
 1.160793677e+00 1.123524569e+00 1.086370975e+00 1.049337287e+00 1.012429818e+00
 9.756575759e-01 9.390314947e-01 9.025623680e-01 8.662583248e-01 8.301239011e-01
 7.941636424e-01 7.583843570e-01 7.227952608e-01 6.874080176e-01 6.522379833e-01
 6.173061202e-01 5.826374232e-01 5.482588595e-01 5.141982467e-01 4.804842371e-01
 4.471449707e-01 4.142085079e-01 3.817054157e-01 3.496688936e-01 3.181353392e-01
 2.871465389e-01 2.567498391e-01 2.269947985e-01 1.979310031e-01 1.696100811e-01
 1.420883162e-01 1.154294053e-01 8.970035847e-02 6.496284447e-02 4.126337456e-02
 1.865458068e-02-2.804896154e-03-2.313947101e-02-4.239251220e-02-6.052414569e-02
-7.749284308e-02-9.327885080e-02-1.078443680e-01-1.211377858e-01-1.330977217e-01
-1.436645353e-01-1.527998328e-01-1.605089022e-01-1.668176386e-01-1.717325265e-01
-1.751212792e-01-1.767100099e-01-1.763566132e-01-1.743354543e-01-1.711455098e-01
-1.668580500e-01-1.613436565e-01-1.535665712e-01-1.423274536e-01-1.289895192e-01
-1.154570051e-01-1.014385809e-01-8.509943145e-02-6.632560803e-02-4.603288692e-02
-2.434351952e-02-7.170914102e-04 2.627566276e-02 5.754141811e-02 9.289495010e-02
 1.321099796e-01 1.750676995e-01 2.215828512e-01 2.714179742e-01 3.243035402e-01
 3.799524751e-01 4.381174088e-01 4.986175349e-01 5.613055147e-01 6.260541493e-01
 6.927579394e-01 7.613252350e-01 8.316559361e-01 9.036363025e-01 9.771526228e-01
 1.052097291e+00 1.128368864e+00 1.205871182e+00 1.284514716e+00 1.364221046e+00
 1.444924222e+00 1.526566464e+00 1.609094426e+00 1.692457930e+00 1.776609560e+00
 1.861505549e+00 1.947110006e+00 2.033407516e+00 2.120279450e+00 2.268198320e+00
 2.226848038e+00 2.185620269e+00 2.144533730e+00 2.103584142e+00 2.062771441e+00
 2.022096116e+00 1.981557987e+00 1.941156047e+00 1.900888813e+00 1.860754687e+00
 1.820752184e+00 1.780880134e+00 1.741137751e+00 1.701524592e+00 1.662040222e+00
 1.622683783e+00 1.583453858e+00 1.544348835e+00 1.505367743e+00 1.466510717e+00
 1.427778985e+00 1.389174054e+00 1.350696997e+00 1.312347860e+00 1.274125353e+00
 1.236026997e+00 1.198050661e+00 1.160195235e+00 1.122460580e+00 1.084847542e+00
 1.047358008e+00 1.009994961e+00 9.727627868e-01 9.356674025e-01 8.987169862e-01
 8.619226075e-01 8.252971320e-01 7.888527609e-01 7.525986624e-01 7.165414081e-01
 6.806887508e-01 6.450511101e-01 6.096415515e-01 5.744761107e-01 5.395755378e-01
 5.049659969e-01 4.706769337e-01 4.367392471e-01 4.031847868e-01 3.700460280e-01
 3.373551955e-01 3.051465502e-01 2.734571653e-01 2.423271537e-01 2.118016371e-01
 1.819323335e-01 1.527745329e-01 1.243857377e-01 9.682820517e-02 7.016273670e-02
 4.443954615e-02 1.971103701e-02-3.967847423e-03-2.662483049e-02-4.829347436e-02
-6.893104224e-02-8.849558516e-02-1.069529764e-01-1.242552039e-01-1.403509592e-01
-1.551906785e-01-1.687306169e-01-1.809197025e-01-1.916998829e-01-2.010121812e-01
-2.088272279e-01-2.151676855e-01-2.200736225e-01-2.235417382e-01-2.253705730e-01
-2.252456845e-01-2.231119439e-01-2.194435321e-01-2.146972808e-01-2.088544074e-01
-2.016704208e-01-1.913403426e-01-1.774498976e-01-1.624530562e-01-1.477389588e-01
-1.319498337e-01-1.132549003e-01-9.245108040e-02-7.020959181e-02-4.644064664e-02
-2.100069103e-02 6.559550029e-03 3.763183580e-02 7.284374629e-02 1.120533413e-01
 1.550473571e-01 2.016054684e-01 2.514686279e-01 3.043481521e-01 3.599729382e-01
 4.181339214e-01 4.786621741e-01 5.414118339e-01 6.062605507e-01 6.731033229e-01
 7.418311991e-01 8.123225679e-01 8.844555512e-01 9.581146725e-01 1.033191126e+00
 1.109581891e+00 1.187191277e+00 1.265935517e+00 1.345743607e+00 1.426552847e+00
 1.508305144e+00 1.590945759e+00 1.674423390e+00 1.758691846e+00 1.843709487e+00
 1.929439754e+00 2.015861609e+00 2.102852780e+00 2.202824666e+00 2.161096378e+00
 2.119491117e+00 2.078027632e+00 2.036701479e+00 1.995512381e+00 1.954460865e+00
 1.913547381e+00 1.872772150e+00 1.832134650e+00 1.791633678e+00 1.751267765e+00
 1.711035478e+00 1.670935659e+00 1.630967573e+00 1.591130911e+00 1.551425550e+00
 1.511851045e+00 1.472406424e+00 1.433090355e+00 1.393902013e+00 1.354841715e+00
 1.315911050e+00 1.277112104e+00 1.238446628e+00 1.199915379e+00 1.161517850e+00
 1.123252399e+00 1.085117796e+00 1.047113954e+00 1.009241902e+00 9.715038009e-01
 9.339030054e-01 8.964440692e-01 8.591330027e-01 8.219774785e-01 7.849878213e-01
 7.481774116e-01 7.115611909e-01 6.751528952e-01 6.389631886e-01 6.030014964e-01
 5.672793962e-01 5.318114732e-01 4.966152920e-01 4.617121207e-01 4.271286970e-01
 3.928965048e-01 3.590496732e-01 3.256234736e-01 2.926542201e-01 2.601786174e-01
 2.282350702e-01 1.968656396e-01 1.661154326e-01 1.360348903e-01 1.066851512e-01
 7.812845820e-02 5.041544866e-02 2.358868557e-02-2.298478498e-03-2.725740181e-02
-5.132143981e-02-7.444788710e-02-9.659441292e-02-1.177246721e-01-1.377869492e-01
-1.567219775e-01-1.744710552e-01-1.909828769e-01-2.062108736e-01-2.201123984e-01
-2.326452680e-01-2.437565553e-01-2.533861501e-01-2.614748195e-01-2.680047198e-01
-2.730163389e-01-2.765612823e-01-2.786105871e-01-2.788834550e-01-2.770517580e-01
-2.731998929e-01-2.679955649e-01-2.617930873e-01-2.544796247e-01-2.453249946e-01
-2.321938146e-01-2.160213161e-01-1.998508363e-01-1.840333458e-01-1.660099046e-01
-1.450443947e-01-1.222944599e-01-9.808923772e-02-7.226756337e-02-4.474521277e-02
-1.555926629e-02 1.587584870e-02 5.100134933e-02 9.021250065e-02 1.332640607e-01
 1.798833103e-01 2.297888596e-01 2.826931198e-01 3.383570422e-01 3.965866129e-01
 4.572147952e-01 5.201001428e-01 5.851221078e-01 6.521611776e-01 7.210869272e-01
 7.917685505e-01 8.640819319e-01 9.379101791e-01 1.013142753e+00 1.089677214e+00
 1.167423868e+00 1.246306083e+00 1.326255705e+00 1.407209411e+00 1.489107504e+00
 1.571894429e+00 1.655520595e+00 1.739941616e+00 1.825114053e+00 1.910995394e+00
 1.997560773e+00 2.084688381e+00 2.138347451e+00 2.096232351e+00 2.054240482e+00
 2.012390764e+00 1.970678776e+00 1.929104147e+00 1.887667187e+00 1.846368191e+00
 1.805207650e+00 1.764186043e+00 1.723303376e+00 1.682558849e+00 1.641951195e+00
 1.601479075e+00 1.561141359e+00 1.520937362e+00 1.480866884e+00 1.440930076e+00
 1.401126948e+00 1.361457013e+00 1.321919312e+00 1.282513222e+00 1.243239270e+00
 1.204099410e+00 1.165096352e+00 1.126232597e+00 1.087509707e+00 1.048928038e+00
 1.010486901e+00 9.721861041e-01 9.340267404e-01 8.960111825e-01 8.581431092e-01
 8.204275576e-01 7.828708726e-01 7.454809007e-01 7.082673474e-01 6.712430001e-01
 6.344238193e-01 5.978269658e-01 5.614679489e-01 5.253596219e-01 4.895151129e-01
 4.539504907e-01 4.186851747e-01 3.837420306e-01 3.491484727e-01 3.149375238e-01
 2.811461196e-01 2.478131522e-01 2.149790381e-01 1.826857659e-01 1.509770698e-01
 1.199037397e-01 8.952052087e-02 5.987589153e-02 3.100844364e-02 2.972915273e-03
-2.421968546e-02-5.062080098e-02-7.619548695e-02-1.008926634e-01-1.246686846e-01
-1.474682807e-01-1.692314392e-01-1.898995205e-01-2.094173737e-01-2.277299748e-01
-2.447830030e-01-2.605263587e-01-2.749150049e-01-2.879087781e-01-2.994664156e-01
-3.095328198e-01-3.180442893e-01-3.249417055e-01-3.302216155e-01-3.339443929e-01
-3.361697786e-01-3.368205074e-01-3.355331321e-01-3.320098612e-01-3.265363231e-01
-3.198963192e-01-3.123091811e-01-3.035677050e-01-2.919775732e-01-2.759701995e-01
-2.581805736e-01-2.412543717e-01-2.239468921e-01-2.034143846e-01-1.803453032e-01
-1.556787877e-01-1.294894816e-01-1.016428523e-01-7.205991417e-02-4.083956903e-02
-8.028518428e-03 2.732350936e-02 6.653261262e-02 1.096622201e-01 1.563728290e-01
 2.063569314e-01 2.593493210e-01 3.151274853e-01 3.735000692e-01 4.343039592e-01
 4.974005732e-01 5.626577995e-01 6.299352612e-01 6.990923605e-01 7.699954795e-01
 8.425188262e-01 9.165436097e-01 9.919599651e-01 1.068671611e+00 1.146595653e+00
 1.225657874e+00 1.305789178e+00 1.386924463e+00 1.469003644e+00 1.551973282e+00
 1.635785058e+00 1.720391467e+00 1.805743279e+00 1.891795374e+00 1.978522552e+00
 2.065804576e+00 2.074807087e+00 2.032296974e+00 1.989909947e+00 1.947664993e+00
 1.905557864e+00 1.863588306e+00 1.821756593e+00 1.780062853e+00 1.738507323e+00
 1.697090472e+00 1.655812918e+00 1.614675100e+00 1.573676729e+00 1.532816848e+00
 1.492094273e+00 1.451507943e+00 1.411057209e+00 1.370741969e+00 1.330562620e+00
 1.290519631e+00 1.250613043e+00 1.210842374e+00 1.171207272e+00 1.131708515e+00
 1.092348429e+00 1.053130391e+00 1.014057734e+00 9.751329275e-01 9.363572855e-01
 8.977311991e-01 8.592556737e-01 8.209331607e-01 7.827675817e-01 7.447643637e-01
 7.069304789e-01 6.692743103e-01 6.318057906e-01 5.945369855e-01 5.574834995e-01
 5.206641589e-01 4.840985216e-01 4.478042636e-01 4.117973585e-01 3.760955269e-01
 3.407200624e-01 3.056959613e-01 2.710521085e-01 2.368227517e-01 2.030477658e-01
 1.697705697e-01 1.370375054e-01 1.049011010e-01 7.340942722e-02 4.259754897e-02
 1.250727854e-02-1.683463901e-02-4.548207982e-02-7.341478005e-02-1.005772799e-01
-1.269291908e-01-1.524165260e-01-1.769738247e-01-2.005333118e-01-2.230349150e-01
-2.444229217e-01-2.646425459e-01-2.836390395e-01-3.013578009e-01-3.177453263e-01
-3.327521729e-01-3.463344346e-01-3.584534052e-01-3.690684212e-01-3.781219517e-01
-3.855466747e-01-3.912849153e-01-3.953506956e-01-3.978255204e-01-3.987707259e-01
-3.980356870e-01-3.951801690e-01-3.899951921e-01-3.830295858e-01-3.750544645e-01
-3.661232360e-01-3.557831535e-01-3.413631854e-01-3.228142774e-01-3.040904071e-01
-2.865230349e-01-2.670076364e-01-2.440594970e-01-2.190191879e-01-1.924382923e-01
-1.642811422e-01-1.344259415e-01-1.028210549e-01-6.955585524e-02-3.481608237e-02
 1.595310239e-03 4.098944823e-02 8.420678137e-02 1.310514959e-01 1.811810466e-01
 2.343392465e-01 2.903089271e-01 3.489022716e-01 4.099597512e-01 4.733342481e-01
 5.388740561e-01 6.064277951e-01 6.758513752e-01 7.470091886e-01 8.197733620e-01
 8.940258426e-01 9.696630043e-01 1.046594973e+00 1.124740786e+00 1.204024968e+00
 1.284376534e+00 1.365730534e+00 1.448029231e+00 1.531219722e+00 1.615249344e+00
 1.700065467e+00 1.785617161e+00 1.871859510e+00 1.958767653e+00 2.046223056e+00
 2.012244404e+00 1.969331853e+00 1.926541763e+00 1.883893240e+00 1.841382203e+00
 1.799008514e+00 1.756772609e+00 1.714674668e+00 1.672714824e+00 1.630893296e+00
 1.589210493e+00 1.547667081e+00 1.506263756e+00 1.465000786e+00 1.423877652e+00
 1.382893407e+00 1.342047106e+00 1.301338146e+00 1.260766526e+00 1.220332846e+00
 1.180038025e+00 1.139882670e+00 1.099866880e+00 1.059990672e+00 1.020255114e+00
 9.806629262e-01 9.412181928e-01 9.019251693e-01 8.627873465e-01 8.238071061e-01
 7.849860648e-01 7.463266025e-01 7.078327375e-01 6.695101786e-01 6.313663687e-01
 5.934105049e-01 5.556532881e-01 5.181070327e-01 4.807865524e-01 4.437106640e-01
 4.069013748e-01 3.703809085e-01 3.341697030e-01 2.982878985e-01 2.627584559e-01
 2.276086680e-01 1.928705223e-01 1.585810068e-01 1.247855133e-01 9.153632291e-02
 5.887668073e-02 2.683716548e-02-4.546507497e-03-3.530546969e-02-6.546569121e-02
-9.498046013e-02-1.238048875e-01-1.518818705e-01-1.791425313e-01-2.055185258e-01
-2.309498737e-01-2.553759494e-01-2.787326616e-01-3.009591398e-01-3.219997698e-01
-3.418005718e-01-3.603068928e-01-3.774639585e-01-3.932181770e-01-4.075205183e-01
-4.203283212e-01-4.316045864e-01-4.413091492e-01-4.493816325e-01-4.557509227e-01
-4.603625520e-01-4.632512371e-01-4.645195908e-01-4.642195999e-01-4.621034252e-01
-4.576758800e-01-4.508852354e-01-4.425617872e-01-4.333654492e-01-4.231641916e-01
-4.107175067e-01-3.932466475e-01-3.729360705e-01-3.538357868e-01-3.351372721e-01
-3.129770747e-01-2.878377415e-01-2.609103295e-01-2.324388343e-01-2.023380324e-01
-1.704893536e-01-1.368939514e-01-1.016524921e-01-6.487949775e-02-2.665313187e-02
 1.350158483e-02 5.690112429e-02 1.039264408e-01 1.542823189e-01 2.076877265e-01
 2.639288271e-01 3.228229974e-01 3.842051320e-01 4.479104836e-01 5.137757519e-01
 5.816452837e-01 6.513726200e-01 7.228198642e-01 7.958599052e-01 8.703809072e-01
 9.462852035e-01 1.023484325e+00 1.101895730e+00 1.181442051e+00 1.262053073e+00
 1.343666198e+00 1.426223293e+00 1.509666249e+00 1.593938257e+00 1.678985706e+00
 1.764758106e+00 1.851211165e+00 1.938320442e+00 2.025969171e+00 1.950698767e+00
 1.907378322e+00 1.864178630e+00 1.821119022e+00 1.778196021e+00 1.735409723e+00
 1.692760665e+00 1.650249162e+00 1.607875484e+00 1.565639823e+00 1.523542399e+00
 1.481583574e+00 1.439763972e+00 1.398084430e+00 1.356545662e+00 1.315147701e+00
 1.273889946e+00 1.232771640e+00 1.191792269e+00 1.150951916e+00 1.110251367e+00
 1.069691945e+00 1.029274880e+00 9.890009343e-01 9.488706125e-01 9.088853293e-01
 8.690482315e-01 8.293641532e-01 7.898383680e-01 7.504755172e-01 7.112791769e-01
 6.722523510e-01 6.333989979e-01 5.947249452e-01 5.562379641e-01 5.179478258e-01
 4.798662842e-01 4.420066795e-01 4.043840715e-01 3.670164910e-01 3.299263991e-01
 2.931392267e-01 2.566799448e-01 2.205726251e-01 1.848432760e-01 1.495226641e-01
 1.146507521e-01 8.026973296e-02 4.641158254e-02 1.310598297e-02-1.963107872e-02
-5.186354780e-02-8.357517884e-02-1.147177800e-01-1.452409788e-01-1.750794162e-01
-2.041620512e-01-2.324213666e-01-2.597900824e-01-2.862027249e-01-3.115993468e-01
-3.359205648e-01-3.591029736e-01-3.810843528e-01-4.018083857e-01-4.212212012e-01
-4.392682174e-01-4.558946256e-01-4.710468623e-01-4.846762463e-01-4.967413505e-01
-5.072069404e-01-5.160331922e-01-5.231564044e-01-5.285015724e-01-5.320197825e-01
-5.337697047e-01-5.338733135e-01-5.323565037e-01-5.288542065e-01-5.228606446e-01
-5.145597854e-01-5.049998669e-01-4.946474648e-01-4.831586621e-01-4.680038561e-01
-4.476697178e-01-4.265464929e-01-4.072840079e-01-3.864739028e-01-3.617603009e-01
-3.346286350e-01-3.058692099e-01-2.755462197e-01-2.435166162e-01-2.096979157e-01
-1.741464893e-01-1.369612658e-01-9.820722140e-02-5.795490301e-02-1.619721498e-02
 2.776039709e-02 7.503167132e-02 1.256847115e-01 1.794213141e-01 2.360164656e-01
 2.952866759e-01 3.570524888e-01 4.211372243e-01 4.873724245e-01 5.555996115e-01
 6.256697965e-01 6.974458121e-01 7.708066243e-01 8.456458512e-01 9.218666641e-01
 9.993786804e-01 1.078097619e+00 1.157947513e+00 1.238860286e+00 1.320771814e+00
 1.403618497e+00 1.487339120e+00 1.571876465e+00 1.657177488e+00 1.743192413e+00
 1.829877642e+00 1.917209162e+00 2.005072023e+00 1.890208205e+00 1.846475851e+00
 1.802862001e+00 1.759385753e+00 1.716044024e+00 1.672837483e+00 1.629767128e+00
 1.586833444e+00 1.544036801e+00 1.501377542e+00 1.458855962e+00 1.416472307e+00
 1.374226917e+00 1.332120347e+00 1.290153472e+00 1.248327271e+00 1.206642360e+00
 1.165098619e+00 1.123695571e+00 1.082432847e+00 1.041310618e+00 1.000329844e+00
 9.594922108e-01 9.187995986e-01 8.782535022e-01 8.378550550e-01 7.976060982e-01
 7.575102569e-01 7.175731530e-01 6.778011814e-01 6.382002771e-01 5.987753610e-01
 5.595310051e-01 5.204729794e-01 4.816092008e-01 4.429498253e-01 4.045073248e-01
 3.662964096e-01 3.283334327e-01 2.906365413e-01 2.532271883e-01 2.161318902e-01
 1.793803948e-01 1.430030912e-01 1.070360048e-01 7.151210510e-02 3.644964822e-02
 1.868742187e-03-3.225236985e-02-6.597244787e-02-9.925245640e-02-1.320436815e-01
-1.642868623e-01-1.959114967e-01-2.268456895e-01-2.570210029e-01-2.863709808e-01
-3.148301184e-01-3.423313163e-01-3.688077526e-01-3.941980115e-01-4.184432315e-01
-4.414804874e-01-4.632462307e-01-4.836832764e-01-5.027379916e-01-5.203560189e-01
-5.364825035e-01-5.510638723e-01-5.640517120e-01-5.754057973e-01-5.850926738e-01
-5.930726691e-01-5.992782285e-01-6.036304885e-01-6.060891624e-01-6.067401857e-01
-6.057210339e-01-6.030066670e-01-5.981036859e-01-5.905651155e-01-5.808955148e-01
-5.702232597e-01-5.587362019e-01-5.456292659e-01-5.273587602e-01-5.049533636e-01
-4.837639949e-01-4.638016458e-01-4.402450611e-01-4.132592085e-01-3.842907049e-01
-3.537648573e-01-3.216071321e-01-2.876578059e-01-2.519008122e-01-2.144230309e-01
-1.753057460e-01-1.346003608e-01-9.234639187e-02-4.862336964e-02-3.340616573e-03
 4.441274505e-02 9.541969319e-02 1.495673383e-01 2.065971529e-01 2.663089644e-01
 3.285133030e-01 3.930275107e-01 4.596796825e-01 5.283085199e-01 5.987656566e-01
 6.709197260e-01 7.446545781e-01 8.198640649e-01 8.964491193e-01 9.743179473e-01
 1.053388219e+00 1.133585699e+00 1.214839616e+00 1.297080739e+00 1.380243280e+00
 1.464266051e+00 1.549092506e+00 1.634670361e+00 1.720950605e+00 1.807890349e+00
 1.895465975e+00 1.983564413e+00 1.830811398e+00 1.786663439e+00 1.742631760e+00
 1.698734946e+00 1.654969886e+00 1.611337391e+00 1.567838829e+00 1.524475264e+00
 1.481247442e+00 1.438155837e+00 1.395200850e+00 1.352382868e+00 1.309702213e+00
 1.267159226e+00 1.224754419e+00 1.182488609e+00 1.140362913e+00 1.098378403e+00
 1.056535558e+00 1.014834289e+00 9.732744646e-01 9.318563714e-01 8.905811369e-01
 8.494507696e-01 8.084677982e-01 7.676345145e-01 7.269528339e-01 6.864251295e-01
 6.460555783e-01 6.058506254e-01 5.658178997e-01 5.259647885e-01 4.862977337e-01
 4.468230783e-01 4.075486760e-01 3.684848788e-01 3.296446154e-01 2.910434232e-01
 2.526990981e-01 2.146312564e-01 1.768621612e-01 1.394197354e-01 1.023429449e-01
 6.566451630e-02 2.939613365e-02-6.455748911e-03-4.195783502e-02-7.714897657e-02
-1.119873262e-01-1.464232739e-01-1.803888044e-01-2.138066029e-01-2.466052338e-01
-2.787170226e-01-3.100738404e-01-3.406066915e-01-3.702480972e-01-3.989323466e-01
-4.265925448e-01-4.531603128e-01-4.785719272e-01-5.027685691e-01-5.256885098e-01
-5.472672985e-01-5.674464725e-01-5.861725390e-01-6.033915298e-01-6.190485247e-01
-6.330898759e-01-6.454673502e-01-6.561418910e-01-6.650818455e-01-6.722474675e-01
-6.775667751e-01-6.809572404e-01-6.823910676e-01-6.819847513e-01-6.798846546e-01
-6.759808355e-01-6.696602684e-01-6.606223226e-01-6.497479422e-01-6.380972960e-01
-6.255232255e-01-6.100762792e-01-5.886479211e-01-5.653768525e-01-5.444878339e-01
-5.225931209e-01-4.963610102e-01-4.673742413e-01-4.366862151e-01-4.044386318e-01
-3.704438093e-01-3.345919909e-01-2.969293077e-01-2.575443175e-01-2.165039311e-01
-1.738554077e-01-1.296340664e-01-8.390013017e-02-3.676045038e-02 1.203381815e-02
 6.353319669e-02 1.181530074e-01 1.756890677e-01 2.359053835e-01 2.986046996e-01
 3.636012448e-01 4.307199096e-01 4.997997742e-01 5.706978444e-01 6.432869958e-01
 7.174506806e-01 7.930802240e-01 8.700756508e-01 9.483475186e-01 1.027814650e+00
 1.108399144e+00 1.190025908e+00 1.272624299e+00 1.356128865e+00 1.440479181e+00
 1.525619512e+00 1.611498368e+00 1.698067520e+00 1.785284775e+00 1.873126857e+00
 1.961482584e+00 1.772548738e+00 1.727981393e+00 1.683528240e+00 1.639207359e+00
 1.595015479e+00 1.550953197e+00 1.507021797e+00 1.463222511e+00 1.419556520e+00
 1.376024851e+00 1.332628195e+00 1.289367036e+00 1.246241817e+00 1.203252968e+00
 1.160400873e+00 1.117686021e+00 1.075109158e+00 1.032671419e+00 9.903741467e-01
 9.482184276e-01 9.062047063e-01 8.643331821e-01 8.226043348e-01 7.810194496e-01
 7.395808362e-01 6.982916304e-01 6.571549997e-01 6.161737779e-01 5.753510157e-01
 5.346915294e-01 4.942026346e-01 4.538933129e-01 4.137725805e-01 3.738486214e-01
 3.341298009e-01 2.946263337e-01 2.553511391e-01 2.163200203e-01 1.775524421e-01
 1.390723116e-01 1.009114264e-01 6.309520909e-02 2.563076017e-02-1.148363018e-02
-4.833959714e-02-8.496908201e-02-1.213356525e-01-1.573856984e-01-1.930473485e-01
-2.282435300e-01-2.629022775e-01-2.969518421e-01-3.303206767e-01-3.629397740e-01
-3.947411691e-01-4.256552918e-01-4.556127435e-01-4.845466156e-01-5.123904200e-01
-5.390752843e-01-5.645349020e-01-5.887096527e-01-6.115393022e-01-6.329591081e-01
-6.529089678e-01-6.713353132e-01-6.881847229e-01-7.034022197e-01-7.169340277e-01
-7.287319979e-01-7.387582048e-01-7.469828090e-01-7.533657398e-01-7.578299538e-01
-7.602897627e-01-7.607344688e-01-7.593135097e-01-7.561708567e-01-7.510745769e-01
-7.433282977e-01-7.328783533e-01-7.209547039e-01-7.083804036e-01-6.945997382e-01
-6.761388029e-01-6.522373391e-01-6.291083816e-01-6.080059506e-01-5.833059408e-01
-5.547315368e-01-5.239825844e-01-4.916732663e-01-4.577029502e-01-4.218669089e-01
-3.841378783e-01-3.445952883e-01-3.033181215e-01-2.603647216e-01-2.157798314e-01
-1.696076731e-01-1.219066787e-01-7.277609468e-02-2.228806808e-02 3.004792750e-02
 8.521111831e-02 1.433118027e-01 2.040973879e-01 2.673515823e-01 3.328861604e-01
 4.005265177e-01 4.701164383e-01 5.415164278e-01 6.145983231e-01 6.892428266e-01
 7.653410150e-01 8.427954860e-01 9.215172149e-01 1.001420827e+00 1.082425058e+00
 1.164454042e+00 1.247437691e+00 1.331311394e+00 1.416015585e+00 1.501495371e+00
 1.587700068e+00 1.674582234e+00 1.762100303e+00 1.850231201e+00 1.938865667e+00
 1.715462161e+00 1.670471786e+00 1.625593496e+00 1.580844980e+00 1.536222883e+00
 1.491727570e+00 1.447360060e+00 1.403121343e+00 1.359012545e+00 1.315034900e+00
 1.271189574e+00 1.227477556e+00 1.183899488e+00 1.140455885e+00 1.097147246e+00
 1.053974056e+00 1.010936809e+00 9.680362058e-01 9.252733106e-01 8.826495930e-01
 8.401666033e-01 7.978254306e-01 7.556267248e-01 7.135712604e-01 6.716605006e-01
 6.298970492e-01 5.882845940e-01 5.468272374e-01 5.055288534e-01 4.643933579e-01
 4.234263078e-01 3.826359665e-01 3.420328183e-01 3.016277060e-01 2.614306449e-01
 2.214518317e-01 1.817042467e-01 1.422060508e-01 1.029848043e-01 6.406572332e-02
 2.545064947e-02-1.287840849e-02-5.103522856e-02-8.905586457e-02-1.269044830e-01
-1.645232912e-01-2.018384365e-01-2.387743647e-01-2.752590104e-01-3.112204008e-01
-3.465867194e-01-3.812859861e-01-4.152453106e-01-4.483931350e-01-4.806603379e-01
-5.119773606e-01-5.422734998e-01-5.714801910e-01-5.995309539e-01-6.263572561e-01
-6.518905119e-01-6.760693491e-01-6.988348475e-01-7.201227449e-01-7.398711392e-01
-7.580260622e-01-7.745347560e-01-7.893422414e-01-8.023945477e-01-8.136435186e-01
-8.230523026e-01-8.305928758e-01-8.362245577e-01-8.398646094e-01-8.414250883e-01
-8.409176691e-01-8.385252118e-01-8.343712882e-01-8.280682829e-01-8.189037402e-01
-8.071824802e-01-7.943706914e-01-7.808672960e-01-7.653489952e-01-7.435648090e-01
-7.185182976e-01-6.960941054e-01-6.733314289e-01-6.458550071e-01-6.152862946e-01
-5.829594036e-01-5.490629467e-01-5.133466835e-01-4.756780501e-01-4.360997996e-01
-3.946986823e-01-3.515446766e-01-3.066905964e-01-2.601826248e-01-2.120763803e-01
-1.624385095e-01-1.113478569e-01-5.892219821e-02-5.128953362e-03 5.078082521e-02
 1.094966825e-01 1.709148314e-01 2.347877140e-01 3.009220595e-01 3.691485141e-01
 4.393136344e-01 5.112761937e-01 5.849051575e-01 6.600817413e-01 7.366996642e-01
 8.146611156e-01 8.938729160e-01 9.742472291e-01 1.055702529e+00 1.138163674e+00
 1.221561488e+00 1.305832268e+00 1.390917342e+00 1.476762681e+00 1.563318396e+00
 1.650537732e+00 1.738379613e+00 1.826821263e+00 1.915755840e+00 1.659594076e+00
 1.614177789e+00 1.568871176e+00 1.523691633e+00 1.478635906e+00 1.433704278e+00
 1.388897572e+00 1.344216500e+00 1.299661887e+00 1.255234711e+00 1.210936113e+00
 1.166767323e+00 1.122729483e+00 1.078823528e+00 1.035050082e+00 9.914097067e-01
 9.479029783e-01 9.045304571e-01 8.612928180e-01 8.181910508e-01 7.752266231e-01
 7.324013481e-01 6.897169503e-01 6.471746715e-01 6.047756924e-01 5.625217310e-01
 5.204156751e-01 4.784617231e-01 4.366649324e-01 3.950303237e-01 3.535629165e-01
 3.122691723e-01 2.711583402e-01 2.302421276e-01 1.895331011e-01 1.490449566e-01
 1.087970243e-01 6.881161378e-02 2.908832903e-02-1.040103166e-02-4.978064626e-02
-8.910892822e-02-1.283611018e-01-1.674813015e-01-2.063916577e-01-2.450130989e-01
-2.832725299e-01-3.210984599e-01-3.584187385e-01-3.951607040e-01-4.312513552e-01
-4.666175658e-01-5.011854664e-01-5.348812141e-01-5.676337616e-01-5.993735592e-01
-6.300294163e-01-6.595309260e-01-6.878108237e-01-7.148013862e-01-7.404327003e-01
-7.646407783e-01-7.873673125e-01-8.085493567e-01-8.281233494e-01-8.460344649e-01
-8.622306529e-01-8.766570439e-01-8.892594070e-01-8.999894816e-01-9.088114176e-01
-9.156990094e-01-9.206106069e-01-9.234572045e-01-9.241500408e-01-9.227289718e-01
-9.194081127e-01-9.142642619e-01-9.067300777e-01-8.961780205e-01-8.833724924e-01
-8.698307642e-01-8.553928587e-01-8.372493065e-01-8.125644041e-01-7.877210553e-01
-7.656031693e-01-7.400298259e-01-7.101570551e-01-6.779282129e-01-6.441392340e-01
-6.086299209e-01-5.711508647e-01-5.316704803e-01-4.902700920e-01-4.470319658e-01
-4.020188663e-01-3.552806441e-01-3.068698513e-01-2.568510286e-01-2.052973672e-01
-1.522847255e-01-9.790165943e-02-4.225841855e-02 1.484617436e-02 7.429538558e-02
 1.363996866e-01 2.009594389e-01 2.677644656e-01 3.366465149e-01 4.074505684e-01
 4.800325486e-01 5.542626903e-01 6.300248163e-01 7.072115013e-01 7.857212935e-01
 8.654592948e-01 9.463378181e-01 1.028276199e+00 1.111200272e+00 1.195041835e+00
 1.279738135e+00 1.365231427e+00 1.451468498e+00 1.538400110e+00 1.625980133e+00
 1.714168400e+00 1.802943622e+00 1.892202769e+00 1.604984878e+00 1.559141970e+00
 1.513405340e+00 1.467792259e+00 1.422299998e+00 1.376928976e+00 1.331679989e+00
 1.286553637e+00 1.241550515e+00 1.196671276e+00 1.151916721e+00 1.107287812e+00
 1.062785689e+00 1.018411570e+00 9.741665655e-01 9.300515524e-01 8.860671703e-01
 8.422140502e-01 7.984928595e-01 7.549042903e-01 7.114492800e-01 6.681292099e-01
 6.249460051e-01 5.819018494e-01 5.389986831e-01 4.962382136e-01 4.536225375e-01
 4.111548325e-01 3.688397935e-01 3.266834263e-01 2.846920345e-01 2.428717573e-01
 2.012295528e-01 1.597762416e-01 1.185297850e-01 7.751514095e-02 3.673644998e-02
-3.845994447e-03-4.435696427e-02-8.490273761e-02-1.254687507e-01-1.659973546e-01
-2.064108216e-01-2.466342778e-01-2.865962605e-01-3.262219759e-01-3.654355461e-01
-4.041635524e-01-4.423328211e-01-4.798692566e-01-5.166985175e-01-5.527464036e-01
-5.879384125e-01-6.221992690e-01-6.554553501e-01-6.876362117e-01-7.186710028e-01
-7.484878459e-01-7.770179052e-01-8.041941002e-01-8.299464225e-01-8.542079044e-01
-8.769197279e-01-8.980208782e-01-9.174466681e-01-9.351408614e-01-9.510520458e-01
-9.651256307e-01-9.773070823e-01-9.875479162e-01-9.958132107e-01-1.002078557e+00
-1.006300941e+00-1.008384547e+00-1.008241938e+00-1.005947552e+00-1.001740704e+00
-9.956155068e-01-9.868256990e-01-9.749577408e-01-9.612690120e-01-9.470338800e-01
-9.313983086e-01-9.099687466e-01-8.836833129e-01-8.598584778e-01-8.364448957e-01
-8.080218101e-01-7.761799733e-01-7.425401835e-01-7.072983622e-01-6.701313464e-01
-6.308916454e-01-5.896284855e-01-5.464338724e-01-5.013826238e-01-4.545312938e-01
-4.059308156e-01-3.556417910e-01-3.037352096e-01-2.502871834e-01-1.953738031e-01
-1.390729249e-01-8.148920103e-02-2.268868169e-02 3.775259218e-02 1.006135208e-01
 1.659291936e-01 2.334796899e-01 3.030845362e-01 3.745870849e-01 4.478455822e-01
 5.227327298e-01 5.991307342e-01 6.769292760e-01 7.560258015e-01 8.363258785e-01
 9.177427967e-01 1.000196938e+00 1.083615180e+00 1.167930355e+00 1.253080686e+00
 1.339009246e+00 1.425663498e+00 1.512995095e+00 1.600959435e+00 1.689519137e+00
 1.778655820e+00 1.868269508e+00 1.551670602e+00 1.505403329e+00 1.459237801e+00
 1.413191036e+00 1.367260955e+00 1.321448436e+00 1.275754654e+00 1.230180336e+00
 1.184726033e+00 1.139392260e+00 1.094179537e+00 1.049088453e+00 1.004119762e+00
 9.592744033e-01 9.145535105e-01 8.699582698e-01 8.254897597e-01 7.811488065e-01
 7.369360982e-01 6.928523657e-01 6.488983895e-01 6.050750786e-01 5.613837332e-01
 5.178262470e-01 4.744050546e-01 4.311227489e-01 3.879817025e-01 3.449845277e-01
 3.021347976e-01 2.594376679e-01 2.168995994e-01 1.745277275e-01 1.323321742e-01
 9.033145053e-02 4.853829645e-02 6.918879589e-03-3.462717005e-02-7.627358831e-02
-1.180340161e-01-1.598616079e-01-2.016795361e-01-2.434083213e-01-2.849728723e-01
-3.262998147e-01-3.673178494e-01-4.079540521e-01-4.481311341e-01-4.877715004e-01
-5.268002467e-01-5.651424147e-01-6.027223986e-01-6.394647545e-01-6.752942608e-01
-7.101349992e-01-7.439110492e-01-7.765498672e-01-8.079809324e-01-8.381319019e-01
-8.669319552e-01-8.943138026e-01-9.202083972e-01-9.445462480e-01-9.672667374e-01
-9.883108456e-01-1.007613662e+00-1.025117042e+00-1.040769948e+00-1.054518340e+00
-1.066307328e+00-1.076088097e+00-1.083826551e+00-1.089500057e+00-1.093063757e+00
-1.094414604e+00-1.093469414e+00-1.090344287e+00-1.085292716e+00-1.078179122e+00
-1.068122591e+00-1.055067064e+00-1.040708082e+00-1.025731330e+00-1.008157435e+00
-9.834713683e-01-9.572482178e-01-9.342466524e-01-9.080817270e-01-8.772306325e-01
-8.438602980e-01-8.089233525e-01-7.721730911e-01-7.333207724e-01-6.923424825e-01
-6.493300138e-01-6.043717303e-01-5.575339011e-01-5.088683626e-01-4.584316560e-01
-4.062918907e-01-3.525235382e-01-2.972024491e-01-2.404067815e-01-1.822182087e-01
-1.227243077e-01-6.204365704e-02-1.442140703e-04 6.363753198e-02 1.297723031e-01
 1.981364043e-01 2.685273363e-01 3.407886625e-01 4.147819058e-01 4.903781521e-01
 5.674574198e-01 6.459088024e-01 7.256304622e-01 8.065290470e-01 8.885189780e-01
 9.715217669e-01 1.055465418e+00 1.140283775e+00 1.225915869e+00 1.312305647e+00
 1.399401979e+00 1.487159154e+00 1.575536077e+00 1.664498095e+00 1.754027620e+00
 1.844024903e+00 1.499683166e+00 1.452996025e+00 1.406405652e+00 1.359928256e+00
 1.313562082e+00 1.267308492e+00 1.221169168e+00 1.175145280e+00 1.129237764e+00
 1.083447260e+00 1.037774220e+00 9.922190528e-01 9.467821804e-01 9.014641079e-01
 8.562655307e-01 8.111873549e-01 7.662306917e-01 7.213966863e-01 6.766863774e-01
 6.321005678e-01 5.876400264e-01 5.433056186e-01 4.990982907e-01 4.550192790e-01
 4.110703731e-01 3.672540874e-01 3.235734713e-01 2.800317030e-01 2.366319013e-01
 1.933774695e-01 1.502742667e-01 1.073358936e-01 6.458207579e-02 2.199794536e-02
-2.050263166e-02-6.313423389e-02-1.059608389e-01-1.489553880e-01-1.920456194e-01
-2.351531556e-01-2.782048708e-01-3.211268988e-01-3.638440995e-01-4.062804004e-01
-4.483605565e-01-4.900110438e-01-5.311561942e-01-5.717163943e-01-6.116129896e-01
-6.507698545e-01-6.891104846e-01-7.265581222e-01-7.630365125e-01-7.984693909e-01
-8.327796423e-01-8.658919312e-01-8.977348981e-01-9.282368372e-01-9.573252551e-01
-9.849315674e-01-1.010987980e+00-1.035423791e+00-1.058175442e+00-1.079185237e+00
-1.098389201e+00-1.115727002e+00-1.131147546e+00-1.144597608e+00-1.156021949e+00
-1.165371287e+00-1.172612257e+00-1.177723954e+00-1.180659130e+00-1.181307223e+00
-1.179593273e+00-1.175681747e+00-1.169822400e+00-1.161696932e+00-1.150385330e+00
-1.136333376e+00-1.121490917e+00-1.105684674e+00-1.085188195e+00-1.058372702e+00
-1.033349248e+00-1.009496414e+00-9.804432316e-01-9.476706255e-01-9.130753042e-01
-8.768144540e-01-8.384905902e-01-7.979544499e-01-7.552736093e-01-7.105493338e-01
-6.638606427e-01-6.152636499e-01-5.648111434e-01-5.125676564e-01-4.586059007e-01
-4.030005635e-01-3.458288813e-01-2.871740421e-01-2.271216162e-01-1.657561825e-01
-1.031752962e-01-3.948268903e-02 2.552850155e-02 9.257254371e-02 1.618053429e-01
 2.330459475e-01 3.061273322e-01 3.809097890e-01 4.572632896e-01 5.350676851e-01
 6.142129718e-01 6.945985002e-01 7.761321502e-01 8.587295915e-01 9.423135452e-01
 1.026813025e+00 1.112162795e+00 1.198303228e+00 1.285180673e+00 1.372747726e+00
 1.460962046e+00 1.549784453e+00 1.639179282e+00 1.729125895e+00 1.819525193e+00
 1.449055743e+00 1.401952529e+00 1.354941949e+00 1.308039017e+00 1.261241561e+00
 1.214550755e+00 1.167968370e+00 1.121496020e+00 1.075135183e+00 1.028886956e+00
 9.827521598e-01 9.367313255e-01 8.908247728e-01 8.450327770e-01 7.993556384e-01
 7.537937569e-01 7.083477518e-01 6.630184814e-01 6.178070193e-01 5.727144593e-01
 5.277417956e-01 4.828898506e-01 4.381595147e-01 3.935518244e-01 3.490679851e-01
 3.047097131e-01 2.604794982e-01 2.163803407e-01 1.724152211e-01 1.285900601e-01
 8.491985917e-02 4.141479821e-02-1.988093002e-03-4.546899664e-02-8.920813163e-02
-1.332196437e-01-1.774408072e-01-2.217891168e-01-2.661876737e-01-3.105634850e-01
-3.548449787e-01-3.989585155e-01-4.428276660e-01-4.863744507e-01-5.295203624e-01
-5.721883839e-01-6.143031556e-01-6.557865716e-01-6.965571238e-01-7.365354673e-01
-7.756443027e-01-8.138058660e-01-8.509426352e-01-8.869777345e-01-9.218337731e-01
-9.554332080e-01-9.877023522e-01-1.018570129e+00-1.047963531e+00-1.075811943e+00
-1.102048141e+00-1.126601852e+00-1.149406125e+00-1.170403253e+00-1.189531262e+00
-1.206727766e+00-1.221941022e+00-1.235118840e+00-1.246205669e+00-1.255151648e+00
-1.261924023e+00-1.266503548e+00-1.268839939e+00-1.268815120e+00-1.266367648e+00
-1.261714381e+00-1.255073669e+00-1.245901042e+00-1.233381692e+00-1.218578284e+00
-1.203257065e+00-1.186183048e+00-1.162286602e+00-1.135148627e+00-1.111411078e+00
-1.084942492e+00-1.053459431e+00-1.019318763e+00-9.835878502e-01-9.459141427e-01
-9.059824889e-01-8.637931199e-01-8.194535309e-01-7.730581871e-01-7.246715980e-01
-6.743439883e-01-6.221354423e-01-5.681164158e-01-5.123603882e-01-4.549434558e-01
-3.959483499e-01-3.354614726e-01-2.735694124e-01-2.103562102e-01-1.459078257e-01
-8.034024158e-02-1.370943218e-02 5.440864355e-02 1.245675195e-01 1.967185776e-01
 2.706781404e-01 3.463012744e-01 4.234589907e-01 5.020323350e-01 5.819125838e-01
 6.630004438e-01 7.452051787e-01 8.284437195e-01 9.126398434e-01 9.977238714e-01
 1.083632764e+00 1.170310688e+00 1.257707978e+00 1.345779820e+00 1.434483670e+00
 1.523777976e+00 1.613625010e+00 1.704002489e+00 1.794814940e+00 1.399826734e+00
 1.352309765e+00 1.304881876e+00 1.257557339e+00 1.210333657e+00 1.163211356e+00
 1.116191544e+00 1.069275493e+00 1.022464702e+00 9.757606646e-01 9.291647692e-01
 8.826780158e-01 8.363010764e-01 7.900343337e-01 7.438779431e-01 6.978320130e-01
 6.518966908e-01 6.060722454e-01 5.603591987e-01 5.147583423e-01 4.692706931e-01
 4.238972866e-01 3.786390770e-01 3.334969584e-01 2.884720222e-01 2.435655615e-01
 1.987787766e-01 1.541131457e-01 1.095765499e-01 6.518647158e-02 2.092796450e-02
-2.332082168e-02-6.783132349e-02-1.126920938e-01-1.578729571e-01-2.032943901e-01
-2.488801248e-01-2.945587741e-01-3.402567198e-01-3.858975863e-01-4.314054854e-01
-4.767058870e-01-5.217224992e-01-5.663764503e-01-6.105874166e-01-6.542748925e-01
-6.973603346e-01-7.397666730e-01-7.814135274e-01-8.222179933e-01-8.621003164e-01
-9.009821102e-01-9.387847217e-01-9.754302177e-01-1.010841105e+00-1.044938990e+00
-1.077647224e+00-1.108893915e+00-1.138606912e+00-1.166713700e+00-1.193146300e+00
-1.217835986e+00-1.240713077e+00-1.261718190e+00-1.280791882e+00-1.297870362e+00
-1.312900561e+00-1.325831404e+00-1.336607150e+00-1.345177246e+00-1.351509415e+00
-1.355585987e+00-1.357352858e+00-1.356684843e+00-1.353540931e+00-1.348189625e+00
-1.340779191e+00-1.330526626e+00-1.316902660e+00-1.301625604e+00-1.285710847e+00
-1.266464173e+00-1.239908621e+00-1.213965868e+00-1.189880324e+00-1.160527750e+00
-1.127197427e+00-1.092028269e+00-1.055091672e+00-1.015923356e+00-9.743942781e-01
-9.305993887e-01-8.846497891e-01-8.366228323e-01-7.865687033e-01-7.345423273e-01
-6.806111309e-01-6.248470784e-01-5.673249499e-01-5.081269292e-01-4.473395937e-01
-3.850495631e-01-3.213410157e-01-2.562988098e-01-1.900145804e-01-1.225961257e-01
-5.417266112e-02 1.532906898e-02 8.651816883e-02 1.596297433e-01 2.345217913e-01
 3.110363339e-01 3.890449068e-01 4.684305402e-01 5.490860352e-01 6.309135921e-01
 7.138237631e-01 7.977348169e-01 8.825725997e-01 9.682711156e-01 1.054771874e+00
 1.142022408e+00 1.229973755e+00 1.318578919e+00 1.407793271e+00 1.497574227e+00
 1.587885307e+00 1.678706430e+00 1.769946436e+00 1.352034249e+00 1.304107657e+00
 1.256265717e+00 1.208522402e+00 1.160875692e+00 1.113326092e+00 1.065874301e+00
 1.018520924e+00 9.712667102e-01 9.241126529e-01 8.770600549e-01 8.301102551e-01
 7.832644976e-01 7.365236561e-01 6.898882097e-01 6.433583484e-01 5.969340214e-01
 5.506151287e-01 5.044016262e-01 4.582936206e-01 4.122915085e-01 3.663959909e-01
 3.206080036e-01 2.749285559e-01 2.293585942e-01 1.838985504e-01 1.385492647e-01
 9.332070647e-02 4.822861632e-02 3.211605649e-03-4.193204592e-02-8.746227026e-02
-1.334200489e-01-1.797387919e-01-2.263371414e-01-2.731408407e-01-3.200774878e-01
-3.670750257e-01-4.140603618e-01-4.609570481e-01-5.076855041e-01-5.541668073e-01
-6.003239553e-01-6.460784918e-01-6.913493403e-01-7.360540441e-01-7.801103518e-01
-8.234384579e-01-8.659597213e-01-9.075917234e-01-9.482507422e-01-9.878567347e-01
-1.026330417e+00-1.063592646e+00-1.099565320e+00-1.134170168e+00-1.167328507e+00
-1.198965846e+00-1.229010950e+00-1.257390662e+00-1.284035119e+00-1.308876999e+00
-1.331845653e+00-1.352878520e+00-1.371918272e+00-1.388900947e+00-1.403771448e+00
-1.416479735e+00-1.426970079e+00-1.435191131e+00-1.441110959e+00-1.444713333e+00
-1.445939423e+00-1.444657840e+00-1.440856841e+00-1.434848961e+00-1.426663129e+00
-1.415320646e+00-1.400768986e+00-1.385235910e+00-1.368539493e+00-1.346164670e+00
-1.318712271e+00-1.294419751e+00-1.267936400e+00-1.236190158e+00-1.201676602e+00
-1.165520463e+00-1.127255633e+00-1.086562118e+00-1.043481080e+00-9.981375091e-01
-9.506259732e-01-9.010007397e-01-8.493113819e-01-7.956213018e-01-7.400005045e-01
-6.825221783e-01-6.232677201e-01-5.623237792e-01-4.997767894e-01-4.357096969e-01
-3.702067663e-01-3.033615396e-01-2.352760228e-01-1.660535770e-01-9.581244524e-02
-2.463893157e-02 4.774476272e-02 1.218742602e-01 1.977486250e-01 2.752043188e-01
 3.541094463e-01 4.343492937e-01 5.158184148e-01 5.984204503e-01 6.820679597e-01
 7.666826902e-01 8.521954679e-01 9.385445265e-01 1.025673100e+00 1.113526983e+00
 1.202055075e+00 1.291209418e+00 1.380946731e+00 1.471227479e+00 1.562017529e+00
 1.653297994e+00 1.744981259e+00 1.305709641e+00 1.257380970e+00 1.209131722e+00
 1.160975131e+00 1.112909684e+00 1.064936364e+00 1.017056259e+00 9.692700987e-01
 9.215783348e-01 8.739813139e-01 8.264795199e-01 7.790736245e-01 7.317646471e-01
 6.845537179e-01 6.374418772e-01 5.904298264e-01 5.435178024e-01 4.967057442e-01
 4.499933425e-01 4.033802370e-01 3.568661435e-01 3.104509653e-01 2.641349804e-01
 2.179187470e-01 1.718023680e-01 1.257869893e-01 7.988452230e-02 3.410644690e-02
-1.165549163e-02-5.770855323e-02-1.042407422e-01-1.512547874e-01-1.986696451e-01
-2.464072529e-01-2.943964564e-01-3.425657733e-01-3.908410501e-01-4.391462581e-01
-4.874055181e-01-5.355429058e-01-5.834797825e-01-6.311340564e-01-6.784239781e-01
-7.252701855e-01-7.715922895e-01-8.173072724e-01-8.623308114e-01-9.065791960e-01
-9.499716352e-01-9.924280354e-01-1.033864259e+00-1.074196315e+00-1.113343898e+00
-1.151227115e+00-1.187766742e+00-1.222884523e+00-1.256501407e+00-1.288539846e+00
-1.318927748e+00-1.347592968e+00-1.374463574e+00-1.399472313e+00-1.422549530e+00
-1.443628933e+00-1.462653888e+00-1.479561760e+00-1.494294976e+00-1.506804193e+00
-1.517033978e+00-1.524932125e+00-1.530466882e+00-1.533623300e+00-1.534336775e+00
-1.532471268e+00-1.528055389e+00-1.521429512e+00-1.512441275e+00-1.500033873e+00
-1.484822087e+00-1.468985132e+00-1.450904563e+00-1.425436598e+00-1.398969338e+00
-1.374853739e+00-1.345540517e+00-1.312054038e+00-1.276706771e+00-1.239447012e+00
-1.199763458e+00-1.157573998e+00-1.113004318e+00-1.066169991e+00-1.017134905e+00
-9.659440103e-01-9.126555536e-01-8.573370171e-01-8.000596971e-01-7.409039133e-01
-6.799561861e-01-6.173024423e-01-5.530241154e-01-4.872047850e-01-4.199387707e-01
-3.513291698e-01-2.814791620e-01-2.104887103e-01-1.384627985e-01-6.552990273e-02
 8.315597578e-03 8.356038278e-02 1.604599623e-01 2.389035133e-01 3.187488664e-01
 3.998819047e-01 4.821997076e-01 5.656092139e-01 6.500281788e-01 7.353834927e-01
 8.216088204e-01 9.086413970e-01 9.964223321e-01 1.084896596e+00 1.174014542e+00
 1.263731591e+00 1.354007235e+00 1.444803964e+00 1.536089051e+00 1.627844381e+00
 1.719986118e+00 1.260881748e+00 1.212159195e+00 1.163511167e+00 1.114949892e+00
 1.066473770e+00 1.018083683e+00 9.697808943e-01 9.215665532e-01 8.734415911e-01
 8.254066261e-01 7.774619944e-01 7.296077870e-01 6.818441483e-01 6.341713905e-01
 5.865901505e-01 5.391012730e-01 4.917055254e-01 4.444033730e-01 3.971947494e-01
 3.500792664e-01 3.030562902e-01 2.561251789e-01 2.092852998e-01 1.625354578e-01
 1.158768543e-01 6.932311793e-02 2.287205932e-02-2.363643593e-02-7.056472504e-02
-1.180560327e-01-1.660744683e-01-2.145372417e-01-2.633707128e-01-3.125045466e-01
-3.618664636e-01-4.113825283e-01-4.609774974e-01-5.105741993e-01-5.600936503e-01
-6.094567501e-01-6.585848640e-01-7.073973501e-01-7.558099562e-01-8.037383282e-01
-8.511009116e-01-8.978156423e-01-9.437978548e-01-9.889616360e-01-1.033222131e+00
-1.076497790e+00-1.118707169e+00-1.159764829e+00-1.199586980e+00-1.238093080e+00
-1.275202997e+00-1.310837770e+00-1.344918826e+00-1.377366916e+00-1.408107077e+00
-1.437068283e+00-1.464177764e+00-1.489366789e+00-1.512567597e+00-1.533711074e+00
-1.552739253e+00-1.569591998e+00-1.584209334e+00-1.596541984e+00-1.606535191e+00
-1.614135835e+00-1.619312177e+00-1.622050317e+00-1.622278804e+00-1.619859479e+00
-1.614873377e+00-1.607662657e+00-1.597827054e+00-1.584417043e+00-1.568885468e+00
-1.552551413e+00-1.532083605e+00-1.505075571e+00-1.480481277e+00-1.454265180e+00
-1.422640927e+00-1.388170773e+00-1.351964983e+00-1.313450799e+00-1.272337055e+00
-1.228716426e+00-1.182726705e+00-1.134447938e+00-1.083922469e+00-1.031202347e+00
-9.763518533e-01-9.194400049e-01-8.605457661e-01-7.997552955e-01-7.371536316e-01
-6.728203104e-01-6.068382713e-01-5.393028373e-01-4.703172827e-01-3.999839246e-01
-3.284029021e-01-2.556759731e-01-1.819080536e-01-1.072191191e-01-3.171392134e-02
 4.479073696e-02 1.227685445e-01 2.022402816e-01 2.830651044e-01 3.651270929e-01
 4.483288739e-01 5.325835724e-01 6.178129857e-01 7.039440540e-01 7.909084852e-01
 8.786428494e-01 9.670899281e-01 1.056198472e+00 1.145922064e+00 1.236218447e+00
 1.327048862e+00 1.418377408e+00 1.510173045e+00 1.602418867e+00 1.695034912e+00
 1.217581520e+00 1.168472909e+00 1.119434262e+00 1.070476983e+00 1.021599394e+00
 9.728020731e-01 9.240859592e-01 8.754519662e-01 8.269010216e-01 7.784340598e-01
 7.300519151e-01 6.817550835e-01 6.335437392e-01 5.854177240e-01 5.373767818e-01
 4.894208065e-01 4.415499528e-01 3.937646742e-01 3.460653795e-01 2.984522094e-01
 2.509247614e-01 2.034821685e-01 1.561224593e-01 1.088464690e-01 6.166843169e-02
 1.456875745e-02-3.266661921e-02-8.042443149e-02-1.288170818e-01-1.777819667e-01
-2.272381092e-01-2.771144778e-01-3.273417730e-01-3.778483608e-01-4.285602660e-01
-4.794015199e-01-5.302946827e-01-5.811614630e-01-6.319220877e-01-6.824949317e-01
-7.327978300e-01-7.827494925e-01-8.322674879e-01-8.812658022e-01-9.296577616e-01
-9.773597891e-01-1.024288421e+00-1.070357608e+00-1.115480127e+00-1.159570298e+00
-1.202546042e+00-1.244324653e+00-1.284819910e+00-1.323948594e+00-1.361630050e+00
-1.397784320e+00-1.432332789e+00-1.465196371e+00-1.496297039e+00-1.525562789e+00
-1.552921887e+00-1.578303516e+00-1.601640979e+00-1.622864547e+00-1.641913031e+00
-1.658728972e+00-1.673250768e+00-1.685428379e+00-1.695208084e+00-1.702535854e+00
-1.707379771e+00-1.709726660e+00-1.709497338e+00-1.706555505e+00-1.701043496e+00
-1.693265691e+00-1.682546425e+00-1.668275556e+00-1.652667389e+00-1.635540246e+00
-1.611992152e+00-1.585512875e+00-1.561572935e+00-1.532640464e+00-1.499421437e+00
-1.464294844e+00-1.427067455e+00-1.387215161e+00-1.344726207e+00-1.299753600e+00
-1.252401091e+00-1.202712428e+00-1.150732618e+00-1.096521692e+00-1.040146052e+00
-9.816830448e-01-9.212181706e-01-8.588351594e-01-7.946113321e-01-7.286289953e-01
-6.609844522e-01-5.917807174e-01-5.211187172e-01-4.490976668e-01-3.758198563e-01
-3.013912814e-01-2.259194949e-01-1.495162406e-01-7.231345316e-02 5.660060710e-03
 8.479517687e-02 1.653272294e-01 2.471678466e-01 3.301977071e-01 4.143237323e-01
 4.994608808e-01 5.855294201e-01 6.724558116e-01 7.601737925e-01 8.486241959e-01
 9.377535849e-01 1.027513430e+00 1.117859417e+00 1.208751211e+00 1.300152101e+00
 1.392028246e+00 1.484350230e+00 1.577101315e+00 1.670204450e+00 1.175840204e+00
 1.126354076e+00 1.076933298e+00 1.027588556e+00 9.783182925e-01 9.291230013e-01
 8.800034280e-01 8.309601887e-01 7.819938607e-01 7.331050475e-01 6.842944064e-01
 6.355625795e-01 5.869101704e-01 5.383375320e-01 4.898446120e-01 4.414309912e-01
 3.930959771e-01 3.448389476e-01 2.966594791e-01 2.485575389e-01 2.005330229e-01
 1.525846730e-01 1.047137775e-01 5.693567825e-02 9.217390315e-03-3.870354237e-02
-8.722881620e-02-1.364520012e-01-1.862967847e-01-2.366839978e-01-2.875443826e-01
-3.388082662e-01-3.904034997e-01-4.422562110e-01-4.942912302e-01-5.464317280e-01
-5.985989363e-01-6.507123613e-01-7.026906170e-01-7.544513766e-01-8.059106923e-01
-8.569837005e-01-9.075865525e-01-9.576351805e-01-1.007042222e+00-1.055718998e+00
-1.103580076e+00-1.150540846e+00-1.196514175e+00-1.241411794e+00-1.285147529e+00
-1.327639007e+00-1.368802460e+00-1.408551428e+00-1.446803393e+00-1.483477799e+00
-1.518495231e+00-1.551777248e+00-1.583244632e+00-1.612822239e+00-1.640439574e+00
-1.666024789e+00-1.689510454e+00-1.710828296e+00-1.729913210e+00-1.746709281e+00
-1.761154723e+00-1.773197849e+00-1.782786188e+00-1.789864890e+00-1.794401656e+00
-1.796383601e+00-1.795723272e+00-1.792291934e+00-1.786295371e+00-1.777946895e+00
-1.766344740e+00-1.751476046e+00-1.735676302e+00-1.717053405e+00-1.691299700e+00
-1.666720350e+00-1.641046736e+00-1.609940222e+00-1.575939203e+00-1.540057783e+00
-1.501643123e+00-1.460474914e+00-1.416697020e+00-1.370443357e+00-1.321765913e+00
-1.270702378e+00-1.217307248e+00-1.161643905e+00-1.103787647e+00-1.043823006e+00
-9.818320259e-01-9.178894995e-01-8.520771958e-01-7.844921913e-01-7.152366136e-01
-6.444094228e-01-5.721090125e-01-4.984377839e-01-4.235020984e-01-3.474108460e-01
-2.702741829e-01-1.922035525e-01-1.133236134e-01-3.374858733e-02 4.665420463e-02
 1.282910618e-01 2.111858360e-01 2.952227811e-01 3.803040115e-01 4.663445122e-01
 5.532672469e-01 6.410035208e-01 7.294915251e-01 8.186753061e-01 9.085039690e-01
 9.989313154e-01 1.089915444e+00 1.181418356e+00 1.273405142e+00 1.365842853e+00
 1.458702135e+00 1.551965401e+00 1.645559146e+00 1.135686911e+00 1.085833107e+00
 1.036039908e+00 9.863172858e-01 9.366638425e-01 8.870800535e-01 8.375666276e-01
 7.881241207e-01 7.387529809e-01 6.894535713e-01 6.402261964e-01 5.910711169e-01
 5.419886147e-01 4.929789788e-01 4.440424504e-01 3.951791291e-01 3.463886950e-01
 2.976704022e-01 2.490231309e-01 2.004456088e-01 1.519358275e-01 1.034949115e-01
 5.513963704e-02 6.833093116e-03-4.172097935e-02-9.094323030e-02-1.409198774e-01
-1.915690322e-01-2.428140323e-01-2.945877124e-01-3.468206693e-01-3.994406369e-01
-4.523734720e-01-5.055434045e-01-5.588731702e-01-6.122842924e-01-6.656970793e-01
-7.190301788e-01-7.722005151e-01-8.251237949e-01-8.777151926e-01-9.298887122e-01
-9.815572583e-01-1.032634557e+00-1.083034964e+00-1.132670145e+00-1.181449822e+00
-1.229286870e+00-1.276095768e+00-1.321788640e+00-1.366276524e+00-1.409473053e+00
-1.451295670e+00-1.491659738e+00-1.530479156e+00-1.567672134e+00-1.603158552e+00
-1.636859772e+00-1.668697241e+00-1.698592942e+00-1.726475208e+00-1.752273173e+00
-1.775917534e+00-1.797341804e+00-1.816478135e+00-1.833269928e+00-1.847656928e+00
-1.859585095e+00-1.869003197e+00-1.875855747e+00-1.880109871e+00-1.881752377e+00
-1.880687483e+00-1.876801623e+00-1.870357975e+00-1.861413458e+00-1.848958414e+00
-1.833862759e+00-1.817613520e+00-1.796566746e+00-1.770663459e+00-1.747132315e+00
-1.718920954e+00-1.686402983e+00-1.651890843e+00-1.615050280e+00-1.575394643e+00
-1.532994824e+00-1.488014759e+00-1.440524596e+00-1.390555935e+00-1.338156337e+00
-1.283385453e+00-1.226316212e+00-1.167031828e+00-1.105612062e+00-1.042128989e+00
-9.766640623e-01-9.093146632e-01-8.401813037e-01-7.693605495e-01-6.969499690e-01
-6.230520297e-01-5.477733199e-01-4.712229519e-01-3.935117758e-01-3.147523015e-01
-2.350589214e-01-1.545503968e-01-7.336165303e-02 8.468832761e-03 9.127733666e-02
 1.752536957e-01 2.603193754e-01 3.463716594e-01 4.333303074e-01 5.211239066e-01
 6.096876078e-01 6.989626725e-01 7.888959791e-01 8.794394835e-01 9.705496630e-01
 1.062186549e+00 1.154313093e+00 1.246894644e+00 1.339898551e+00 1.433296785e+00
 1.527073732e+00 1.621161289e+00 1.097147549e+00 1.046937372e+00 9.967829705e-01
 9.466935307e-01 8.966677959e-01 8.467062645e-01 7.968096491e-01 7.469784865e-01
 6.972131877e-01 6.475140763e-01 5.978813783e-01 5.483151843e-01 4.988154703e-01
 4.493821251e-01 4.000149772e-01 3.507138578e-01 3.014785374e-01 2.523087145e-01
 2.032037510e-01 1.541616645e-01 1.051818827e-01 5.627957173e-02 7.422028693e-03
-4.170142461e-02-9.154245806e-02-1.421929240e-01-1.935685159e-01-2.455936791e-01
-2.982027053e-01-3.513272604e-01-4.048962286e-01-4.588362604e-01-5.130718747e-01
-5.675256316e-01-6.221184883e-01-6.767699047e-01-7.313981073e-01-7.859204942e-01
-8.402533309e-01-8.943113079e-01-9.480077261e-01-1.001255353e+00-1.053966315e+00
-1.106051699e+00-1.157423040e+00-1.207993178e+00-1.257673101e+00-1.306371404e+00
-1.353999560e+00-1.400471364e+00-1.445698431e+00-1.489591389e+00-1.532063974e+00
-1.573033563e+00-1.612414920e+00-1.650122868e+00-1.686076408e+00-1.720196226e+00
-1.752404374e+00-1.782622311e+00-1.810775027e+00-1.836792831e+00-1.860605258e+00
-1.882146120e+00-1.901347381e+00-1.918149401e+00-1.932494492e+00-1.944326131e+00
-1.953594080e+00-1.960242454e+00-1.964237614e+00-1.965565334e+00-1.964122034e+00
-1.959818712e+00-1.952959199e+00-1.943384201e+00-1.930159095e+00-1.915079742e+00
-1.898023733e+00-1.874395357e+00-1.850218896e+00-1.825358593e+00-1.795169544e+00
-1.762060030e+00-1.726867881e+00-1.688911620e+00-1.648078650e+00-1.604548996e+00
-1.558422949e+00-1.509729293e+00-1.458507123e+00-1.404811666e+00-1.348713229e+00
-1.290293247e+00-1.229628597e+00-1.166788577e+00-1.101854410e+00-1.034923098e+00
-9.660927690e-01-8.954573611e-01-8.231136688e-01-7.491641033e-01-6.737152322e-01
-5.968761661e-01-5.187576071e-01-4.394726521e-01-3.591367778e-01-2.778657771e-01
-1.957755054e-01-1.129941997e-01-2.963726499e-02 5.441256897e-02 1.394891227e-01
 2.255965575e-01 3.126366385e-01 4.005310875e-01 4.892124542e-01 5.786194161e-01
 6.686966059e-01 7.593939576e-01 8.506655487e-01 9.424690006e-01 1.034764883e+00
 1.127517144e+00 1.220693576e+00 1.314264731e+00 1.408205402e+00 1.502501585e+00
 1.597089415e+00 1.060245919e+00 1.009691537e+00 9.591881958e-01 9.087442813e-01
 8.583586259e-01 8.080316786e-01 7.577640843e-01 7.075563445e-01 6.574088721e-01
 6.073219951e-01 5.572959158e-01 5.073306839e-01 4.574262218e-01 4.075823137e-01
 3.577985633e-01 3.080744227e-01 2.584092418e-01 2.088022993e-01 1.592521422e-01
 1.097579243e-01 6.033400102e-02 1.096183751e-02-3.865955575e-02-8.902750843e-02
-1.402603435e-01-1.922759877e-01-2.449983986e-01-2.983617348e-01-3.522974916e-01
-4.067349955e-01-4.616016782e-01-5.168231437e-01-5.723230628e-01-6.280230142e-01
-6.838425638e-01-7.396995341e-01-7.955104031e-01-8.511904149e-01-9.066540016e-01
-9.618150751e-01-1.016586415e+00-1.070879446e+00-1.124604720e+00-1.177672627e+00
-1.229992781e+00-1.281474870e+00-1.332030353e+00-1.381569826e+00-1.430001193e+00
-1.477234724e+00-1.523183718e+00-1.567759559e+00-1.610872761e+00-1.652437469e+00
-1.692371139e+00-1.730588292e+00-1.767005075e+00-1.801541391e+00-1.834119010e+00
-1.864660359e+00-1.893087959e+00-1.919330701e+00-1.943318978e+00-1.964985204e+00
-1.984263000e+00-2.001088807e+00-2.015407088e+00-2.027159499e+00-2.036296282e+00
-2.042761467e+00-2.046520470e+00-2.047557125e+00-2.045761531e+00-2.041079550e+00
-2.033823896e+00-2.023599008e+00-2.009824433e+00-1.994590084e+00-1.976023752e+00
-1.951430888e+00-1.928617971e+00-1.901456887e+00-1.870070202e+00-1.836552746e+00
-1.800450813e+00-1.761377053e+00-1.719477149e+00-1.674891448e+00-1.627652935e+00
-1.577791193e+00-1.525355957e+00-1.470414377e+00-1.413045728e+00-1.353323623e+00
-1.291314474e+00-1.227099352e+00-1.160774089e+00-1.092433317e+00-1.022168493e+00
-9.500757406e-01-8.762572188e-01-8.008191433e-01-7.238700587e-01-6.455202999e-01
-5.658830635e-01-4.850733799e-01-4.032064013e-01-3.203986918e-01-2.367712965e-01
-1.524517765e-01-6.758025760e-02 1.780910114e-02 1.040198174e-01 1.911820990e-01
 2.792260788e-01 3.680716467e-01 4.576548715e-01 5.479181910e-01 6.388086687e-01
 7.302776796e-01 8.222804103e-01 9.147765665e-01 1.007730162e+00 1.101108819e+00
 1.194883355e+00 1.289026554e+00 1.383514512e+00 1.478333742e+00 1.573424693e+00
 1.025004758e+00 9.741189670e-01 9.232796153e-01 8.724943198e-01 8.217619991e-01
 7.710830341e-01 7.204579757e-01 6.698872457e-01 6.193711920e-01 5.689100833e-01
 5.185040865e-01 4.681532485e-01 4.178574891e-01 3.676165612e-01 3.174300199e-01
 2.672972584e-01 2.172175183e-01 1.671893156e-01 1.172105890e-01 6.729245978e-02
 1.743497170e-02-3.262425879e-02-8.342933871e-02-1.351486138e-01-1.877079008e-01
-2.410314058e-01-2.950553685e-01-3.497126842e-01-4.049326808e-01-4.606422786e-01
-5.167666905e-01-5.732298972e-01-6.299541279e-01-6.868599187e-01-7.438660733e-01
-8.008895383e-01-8.578454451e-01-9.146475084e-01-9.712083676e-01-1.027439759e+00
-1.083253094e+00-1.138559389e+00-1.193268571e+00-1.247289501e+00-1.300530916e+00
-1.352901323e+00-1.404309049e+00-1.454664171e+00-1.503877017e+00-1.551855281e+00
-1.598508285e+00-1.643749037e+00-1.687489000e+00-1.729638911e+00-1.770113557e+00
-1.808830546e+00-1.845704601e+00-1.880653417e+00-1.913598054e+00-1.944461402e+00
-1.973166145e+00-1.999637754e+00-2.023807642e+00-2.045607068e+00-2.064970876e+00
-2.081833009e+00-2.096138096e+00-2.107827435e+00-2.116850885e+00-2.123152821e+00
-2.126697519e+00-2.127465891e+00-2.125344412e+00-2.120322311e+00-2.112673196e+00
-2.101797356e+00-2.087832429e+00-2.072169481e+00-2.051373686e+00-2.028051284e+00
-2.004288400e+00-1.975413427e+00-1.943596914e+00-1.909443935e+00-1.872318846e+00
-1.832231279e+00-1.789360490e+00-1.743755685e+00-1.695436960e+00-1.644447060e+00
-1.590849524e+00-1.534720989e+00-1.476131155e+00-1.415143652e+00-1.351839476e+00
-1.286312287e+00-1.218652314e+00-1.148948795e+00-1.077297099e+00-1.003798906e+00
-9.285597039e-01-8.516866383e-01-7.732895665e-01-6.934811315e-01-6.123749686e-01
-5.300860829e-01-4.467343766e-01-3.624441614e-01-2.773399816e-01-1.915458416e-01
-1.051969884e-01-1.839846955e-02 6.898661551e-02 1.572170989e-01 2.462765652e-01
 3.360841793e-01 4.265774737e-01 5.177010781e-01 6.094041788e-01 7.016415766e-01
 7.943728183e-01 8.875616700e-01 9.811752605e-01 1.075183345e+00 1.169558362e+00
 1.264274901e+00 1.359311026e+00 1.454654765e+00 1.550251201e+00 9.914455111e-01
 9.402418348e-01 8.890801033e-01 8.379672003e-01 7.869021478e-01 7.358852721e-01
 6.849170458e-01 6.339978186e-01 5.831278638e-01 5.323073718e-01 4.815364351e-01
 4.308150404e-01 3.801430525e-01 3.295201904e-01 2.789460132e-01 2.284199446e-01
 1.779408877e-01 1.275065826e-01 7.712435955e-02 2.680931121e-02-2.363447718e-02
-7.478246401e-02-1.268877711e-01-1.798946085e-01-2.337240487e-01-2.883118363e-01
-3.435917577e-01-3.994948687e-01-4.559503120e-01-5.128848479e-01-5.702225302e-01
-6.278849025e-01-6.857918339e-01-7.438622201e-01-8.020135280e-01-8.601617324e-01
-9.182213868e-01-9.761054425e-01-1.033725247e+00-1.090991090e+00-1.147812451e+00
-1.204098330e+00-1.259757849e+00-1.314699743e+00-1.368831870e+00-1.422061510e+00
-1.474296185e+00-1.525443315e+00-1.575411729e+00-1.624111550e+00-1.671450751e+00
-1.717338084e+00-1.761686425e+00-1.804407542e+00-1.845412698e+00-1.884617529e+00
-1.921939860e+00-1.957295173e+00-1.990602858e+00-2.021785382e+00-2.050766525e+00
-2.077469939e+00-2.101825272e+00-2.123764504e+00-2.143221883e+00-2.160131583e+00
-2.174435684e+00-2.186076898e+00-2.195003662e+00-2.201161185e+00-2.204512408e+00
-2.205034400e+00-2.202613726e+00-2.197286088e+00-2.189235200e+00-2.177736627e+00
-2.163764622e+00-2.147371354e+00-2.124897536e+00-2.103145005e+00-2.077351555e+00
-2.047511347e+00-2.015345604e+00-1.980336267e+00-1.942247166e+00-1.901264007e+00
-1.857468414e+00-1.810873425e+00-1.761512940e+00-1.709446274e+00-1.654746942e+00
-1.597480240e+00-1.537707212e+00-1.475508272e+00-1.410973803e+00-1.344189385e+00
-1.275242203e+00-1.204226821e+00-1.131243969e+00-1.056397436e+00-9.797928052e-01
-9.015389636e-01-8.217469695e-01-7.405294322e-01-6.580035680e-01-5.742924041e-01
-4.895200476e-01-4.038096383e-01-3.172845014e-01-2.300686133e-01-1.422916422e-01
-5.408846027e-02 3.453332170e-02 1.238504783e-01 2.139268723e-01 3.046955821e-01
 3.960941915e-01 4.880719798e-01 5.805835241e-01 6.735879414e-01 7.670479331e-01
 8.609296246e-01 9.552023631e-01 1.049838397e+00 1.144812797e+00 1.240102570e+00
 1.335687592e+00 1.431556395e+00 1.527657707e+00 9.595876352e-01 9.080804032e-01
 8.566107673e-01 8.051848736e-01 7.538018293e-01 7.024619227e-01 6.511655702e-01
 5.999130730e-01 5.487046524e-01 4.975404374e-01 4.464204604e-01 3.953446480e-01
 3.443128022e-01 2.933245841e-01 2.423795395e-01 1.914769292e-01 1.406147706e-01
 8.979553388e-02 3.904166061e-02-1.175656653e-02-6.315581123e-02-1.155374850e-01
-1.688846068e-01-2.231145936e-01-2.781632658e-01-3.339657322e-01-3.904534959e-01
-4.475556179e-01-5.051991047e-01-5.633092654e-01-6.218097249e-01-6.806220776e-01
-7.396654080e-01-7.988563405e-01-8.581099041e-01-9.173404803e-01-9.764614072e-01
-1.035384735e+00-1.094021434e+00-1.152281124e+00-1.210072054e+00-1.267301789e+00
-1.323877437e+00-1.379706189e+00-1.434695614e+00-1.488752824e+00-1.541784241e+00
-1.593696470e+00-1.644396410e+00-1.693791999e+00-1.741793184e+00-1.788308553e+00
-1.833246663e+00-1.876520409e+00-1.918042077e+00-1.957723773e+00-1.995482172e+00
-2.031235428e+00-2.064900374e+00-2.096398157e+00-2.125652759e+00-2.152588606e+00
-2.177132035e+00-2.199215811e+00-2.218773102e+00-2.235739683e+00-2.250053850e+00
-2.261660502e+00-2.270506026e+00-2.276536830e+00-2.279714331e+00-2.280011129e+00
-2.277317974e+00-2.271709758e+00-2.263253377e+00-2.251269297e+00-2.237108417e+00
-2.219338698e+00-2.197337492e+00-2.174983696e+00-2.147807106e+00-2.117648972e+00
-2.084871199e+00-2.048966211e+00-2.010042805e+00-1.968227648e+00-1.923533758e+00
-1.875984418e+00-1.825633730e+00-1.772551590e+00-1.716798584e+00-1.658433381e+00
-1.597535140e+00-1.534189661e+00-1.468477868e+00-1.400485175e+00-1.330305211e+00
-1.258037101e+00-1.183781762e+00-1.107643066e+00-1.029728257e+00-9.501465838e-01
-8.690114575e-01-7.864435034e-01-7.025651219e-01-6.174980326e-01-5.313645241e-01
-4.442882531e-01-3.563944149e-01-2.678090805e-01-1.786606485e-01-8.909124048e-02
 8.099401789e-04 9.122022833e-02 1.823019384e-01 2.740221910e-01 3.663198169e-01
 4.591478925e-01 5.524646445e-01 6.462321483e-01 7.404162069e-01 8.349862219e-01
 9.299145359e-01 1.025175863e+00 1.120747034e+00 1.216606063e+00 1.312733437e+00
 1.409118076e+00 1.505713624e+00 9.294501155e-01 8.776537816e-01 8.258910142e-01
 7.741672603e-01 7.224816659e-01 6.708344327e-01 6.192258721e-01 5.676562020e-01
 5.161255873e-01 4.646341184e-01 4.131817923e-01 3.617685011e-01 3.103940094e-01
 2.590579593e-01 2.077598394e-01 1.564982690e-01 1.052726856e-01 5.410027979e-02
 2.942132440e-03-4.863057468e-02-1.011762767e-01-1.547536766e-01-2.092752814e-01
-2.646750162e-01-3.208897189e-01-3.778524479e-01-4.354937541e-01-4.937418888e-01
-5.525227431e-01-6.117598673e-01-6.713746696e-01-7.312869009e-01-7.914149269e-01
-8.516756093e-01-9.119836746e-01-9.722515186e-01-1.032389968e+00-1.092309517e+00
-1.151920040e+00-1.211130334e+00-1.269848475e+00-1.327981503e+00-1.385435399e+00
-1.442115820e+00-1.497928296e+00-1.552778979e+00-1.606574414e+00-1.659220791e+00
-1.710624068e+00-1.760690887e+00-1.809328697e+00-1.856447214e+00-1.901955887e+00
-1.945763508e+00-1.987783193e+00-2.027927965e+00-2.066111045e+00-2.102250294e+00
-2.136264383e+00-2.168071982e+00-2.197596055e+00-2.224761967e+00-2.249495115e+00
-2.271726151e+00-2.291388796e+00-2.308419263e+00-2.322753618e+00-2.334337759e+00
-2.343116258e+00-2.349036877e+00-2.352059262e+00-2.352151443e+00-2.349213277e+00
-2.343337365e+00-2.334474240e+00-2.322280370e+00-2.307817217e+00-2.288247623e+00
-2.267906297e+00-2.243787719e+00-2.215880346e+00-2.185393031e+00-2.151839524e+00
-2.115148008e+00-2.075479611e+00-2.032859162e+00-1.987298772e+00-1.938846043e+00
-1.887566693e+00-1.833516276e+00-1.776751341e+00-1.717348892e+00-1.655388813e+00
-1.590947987e+00-1.524110156e+00-1.454967406e+00-1.383615953e+00-1.310153667e+00
-1.234682411e+00-1.157306957e+00-1.078135912e+00-9.972861142e-01-9.148772844e-01
-8.310286122e-01-7.458602865e-01-6.594943225e-01-5.720549074e-01-4.836680863e-01
-3.944615380e-01-3.045645031e-01-2.141078879e-01-1.232302417e-01-3.205740876e-02
 5.945418662e-02 1.515343741e-01 2.441970610e-01 3.373852585e-01 4.310545221e-01
 5.251673230e-01 6.196896259e-01 7.145904893e-01 8.098417972e-01 9.054174259e-01
 1.001293372e+00 1.097448242e+00 1.193862579e+00 1.290519575e+00 1.387410149e+00
 1.484492718e+00 9.010523261e-01 8.489818088e-01 7.969409131e-01 7.449344813e-01
 6.929617899e-01 6.410230306e-01 5.891184622e-01 5.372482255e-01 4.854123915e-01
 4.336109652e-01 3.818438620e-01 3.301109071e-01 2.784118427e-01 2.267463256e-01
 1.751134748e-01 1.235116721e-01 7.195087112e-02 2.043737035e-02-3.129309061e-02
-8.390043360e-02-1.375904016e-01-1.922904618e-01-2.479285875e-01-3.044428575e-01
-3.617678759e-01-4.198353895e-01-4.785748128e-01-5.379132415e-01-5.977755431e-01
-6.580844063e-01-7.187603732e-01-7.797218550e-01-8.408852598e-01-9.021653095e-01
-9.634756640e-01-1.024728923e+00-1.085836110e+00-1.146706146e+00-1.207246341e+00
-1.267363935e+00-1.326966113e+00-1.385959237e+00-1.444249294e+00-1.501741457e+00
-1.558340142e+00-1.613949806e+00-1.668475275e+00-1.721822462e+00-1.773897573e+00
-1.824606485e+00-1.873855680e+00-1.921552593e+00-1.967606729e+00-2.011928539e+00
-2.054427515e+00-2.095017177e+00-2.133611490e+00-2.170125041e+00-2.204476985e+00
-2.236586720e+00-2.266375097e+00-2.293767022e+00-2.318689058e+00-2.341068924e+00
-2.360840956e+00-2.377940486e+00-2.392304196e+00-2.403876237e+00-2.412600703e+00
-2.418426494e+00-2.421311170e+00-2.421218398e+00-2.418063270e+00-2.411934077e+00
-2.402672222e+00-2.390339982e+00-2.375315289e+00-2.355293343e+00-2.334710564e+00
-2.309577082e+00-2.281403429e+00-2.250332786e+00-2.216044878e+00-2.178684261e+00
-2.138302894e+00-2.094903789e+00-2.048526325e+00-1.999231432e+00-1.947069436e+00
-1.892094902e+00-1.834381415e+00-1.774002125e+00-1.711030544e+00-1.645548614e+00
-1.577646109e+00-1.507414646e+00-1.434949402e+00-1.360349577e+00-1.283717905e+00
-1.205165804e+00-1.124809175e+00-1.042763609e+00-9.591460775e-01-8.740759033e-01
-7.876752417e-01-7.000686868e-01-6.113832659e-01-5.217482526e-01-4.312947437e-01
-3.401538149e-01-2.484560981e-01-1.563355071e-01-6.393405084e-02 2.869760992e-02
 1.217692860e-01 2.153571057e-01 3.094209159e-01 4.039178851e-01 4.988137023e-01
 5.940767902e-01 6.896783540e-01 7.855929343e-01 8.817976306e-01 9.782719256e-01
 1.074997504e+00 1.171957258e+00 1.269135833e+00 1.366524403e+00 1.464085048e+00
 8.744092146e-01 8.220809446e-01 7.697783846e-01 7.175057400e-01 6.652623951e-01
 6.130485451e-01 5.608644713e-01 5.087103515e-01 4.565862727e-01 4.044922456e-01
 3.524281762e-01 3.003938475e-01 2.483889643e-01 1.964130398e-01 1.444644698e-01
 9.254503194e-02 4.067853971e-02-1.123963705e-02-6.382387130e-02-1.175044013e-01
-1.722644320e-01-2.280235155e-01-2.847197707e-01-3.422897022e-01-4.006664290e-01
-4.597805904e-01-5.195604539e-01-5.799319846e-01-6.408189040e-01-7.021427693e-01
-7.638230013e-01-8.257771023e-01-8.879207087e-01-9.501677039e-01-1.012430189e+00
-1.074618641e+00-1.136642565e+00-1.198410787e+00-1.259831269e+00-1.320810302e+00
-1.381252527e+00-1.441062708e+00-1.500146085e+00-1.558407264e+00-1.615750822e+00
-1.672080834e+00-1.727300997e+00-1.781315414e+00-1.834029048e+00-1.885348156e+00
-1.935179121e+00-1.983428440e+00-2.030003934e+00-2.074815082e+00-2.117773364e+00
-2.158789399e+00-2.197777260e+00-2.234652016e+00-2.269329852e+00-2.301731350e+00
-2.331777002e+00-2.359390099e+00-2.384497474e+00-2.407026826e+00-2.426910181e+00
-2.444083070e+00-2.458483558e+00-2.470052347e+00-2.478734654e+00-2.484479688e+00
-2.487242898e+00-2.486984110e+00-2.483637802e+00-2.477272974e+00-2.467659754e+00
-2.455108952e+00-2.438810967e+00-2.420204827e+00-2.398080965e+00-2.372445962e+00
-2.343940485e+00-2.312215495e+00-2.277318656e+00-2.239334205e+00-2.198261738e+00
-2.154130693e+00-2.106996467e+00-2.056904194e+00-2.003906290e+00-1.948071436e+00
-1.889466066e+00-1.828160655e+00-1.764235122e+00-1.697774751e+00-1.628866846e+00
-1.557603668e+00-1.484081063e+00-1.408403584e+00-1.330682174e+00-1.251027551e+00
-1.169552162e+00-1.086371589e+00-1.001604821e+00-9.153739805e-01-8.278042933e-01
-7.390238610e-01-6.491625149e-01-5.583502619e-01-4.667177188e-01-3.743968287e-01
-2.815203438e-01-1.882225824e-01-9.464843067e-02-8.998664840e-04 9.314798254e-02
 1.876386782e-01 2.825561156e-01 3.778575047e-01 4.735117563e-01 5.694916817e-01
 6.657729076e-01 7.623335172e-01 8.591531133e-01 9.562129453e-01 1.053495985e+00
 1.150986439e+00 1.248670536e+00 1.346540583e+00 1.444563177e+00 8.495331702e-01
 7.969635925e-01 7.444162681e-01 6.918947804e-01 6.393985185e-01 5.869275642e-01
 5.344820972e-01 4.820622437e-01 4.296680737e-01 3.772996008e-01 3.249567730e-01
 2.726394700e-01 2.203474718e-01 1.680798645e-01 1.158357051e-01 6.362939268e-02
 1.144739409e-02-4.107711521e-02-9.462629302e-02-1.493215324e-01-2.050802619e-01
-2.618366951e-01-3.195294347e-01-3.780933070e-01-4.374603825e-01-4.975602845e-01
-5.583202211e-01-6.196650538e-01-6.815173778e-01-7.437975886e-01-8.064240588e-01
-8.693132545e-01-9.323798032e-01-9.955366030e-01-1.058694921e+00-1.121764648e+00
-1.184654300e+00-1.247270930e+00-1.309520609e+00-1.371309090e+00-1.432541939e+00
-1.493123641e+00-1.552956938e+00-1.611944750e+00-1.669991149e+00-1.726999833e+00
-1.782874756e+00-1.837519624e+00-1.890838186e+00-1.942734892e+00-1.993115685e+00
-2.041887664e+00-2.088957948e+00-2.134234884e+00-2.177628311e+00-2.219050521e+00
-2.258413688e+00-2.295632632e+00-2.330623780e+00-2.363305128e+00-2.393598769e+00
-2.421426778e+00-2.446714887e+00-2.469391773e+00-2.489387133e+00-2.506636886e+00
-2.521078986e+00-2.532652304e+00-2.541303235e+00-2.546980146e+00-2.549637096e+00
-2.549230976e+00-2.545712075e+00-2.539129503e+00-2.529244712e+00-2.516696225e+00
-2.499367109e+00-2.480888506e+00-2.458094025e+00-2.432188294e+00-2.403162690e+00
-2.370880664e+00-2.335441992e+00-2.296852966e+00-2.255131997e+00-2.210327886e+00
-2.162480609e+00-2.111640155e+00-2.057868560e+00-2.001226520e+00-1.941781421e+00
-1.879610121e+00-1.814791587e+00-1.747409914e+00-1.677553114e+00-1.605317190e+00
-1.530806769e+00-1.454126564e+00-1.375383360e+00-1.294687848e+00-1.212154542e+00
-1.127901827e+00-1.042052047e+00-9.547309108e-01-8.660654365e-01-7.761834179e-01
-6.852144344e-01-5.932903516e-01-5.005443722e-01-4.071103846e-01-3.131225228e-01
-2.187156590e-01-1.240317612e-01-2.920072126e-02 6.580181902e-02 1.611640485e-01
 2.569029812e-01 3.529811223e-01 4.493704468e-01 5.460467645e-01 6.429879648e-01
 7.401739980e-01 8.375866441e-01 9.352095866e-01 1.033028163e+00 1.131028856e+00
 1.229199956e+00 1.327534947e+00 1.426004486e+00 8.264410180e-01 7.736458869e-01
 7.208698597e-01 6.681160164e-01 6.153838305e-01 5.626733505e-01 5.099846785e-01
 4.573178479e-01 4.046728376e-01 3.520495632e-01 2.994478767e-01 2.468676228e-01
 1.943084748e-01 1.417690033e-01 8.925221579e-02 3.678240078e-02-1.577578692e-02
-6.910679061e-02-1.236046748e-01-1.792381279e-01-2.359300921e-01-2.936199311e-01
-3.522447576e-01-4.117383303e-01-4.720318152e-01-5.330538962e-01-5.947308151e-01
-6.569864187e-01-7.197422743e-01-7.829177487e-01-8.464301805e-01-9.101949396e-01
-9.741256403e-01-1.038134190e+00-1.102131018e+00-1.166025146e+00-1.229724117e+00
-1.293134394e+00-1.356161583e+00-1.418710292e+00-1.480684168e+00-1.541986444e+00
-1.602520679e+00-1.662190351e+00-1.720897339e+00-1.778543464e+00-1.835032352e+00
-1.890267557e+00-1.944153058e+00-1.996592922e+00-2.047491730e+00-2.096755087e+00
-2.144290560e+00-2.190006472e+00-2.233811675e+00-2.275616961e+00-2.315335249e+00
-2.352880673e+00-2.388169012e+00-2.421118290e+00-2.451648399e+00-2.479682993e+00
-2.505146313e+00-2.527966401e+00-2.548073574e+00-2.565401699e+00-2.579888539e+00
-2.591473550e+00-2.600102394e+00-2.605722412e+00-2.608287357e+00-2.607751163e+00
-2.604070682e+00-2.597325908e+00-2.587133282e+00-2.574085289e+00-2.557526911e+00
-2.537735399e+00-2.514651613e+00-2.488419492e+00-2.458891443e+00-2.426138947e+00
-2.390180143e+00-2.351023674e+00-2.308710807e+00-2.263276340e+00-2.214767101e+00
-2.163237297e+00-2.108742769e+00-2.051347946e+00-1.991123523e+00-1.928143822e+00
-1.862488188e+00-1.794242652e+00-1.723504146e+00-1.650370045e+00-1.574940200e+00
-1.497319177e+00-1.417615843e+00-1.335943697e+00-1.252420954e+00-1.167169201e+00
-1.080311217e+00-9.919716656e-01-9.022785581e-01-8.113623834e-01-7.193551423e-01
-6.263899542e-01-5.326011774e-01-4.381244983e-01-3.430966703e-01-2.476540915e-01
-1.519360589e-01-5.608474765e-02 3.985368235e-02 1.360603376e-01 2.325902212e-01
 3.294155142e-01 4.265095896e-01 5.238515095e-01 6.214225082e-01 7.192055503e-01
 8.171852407e-01 9.153476977e-01 1.013680301e+00 1.112171308e+00 1.210810477e+00
 1.309591974e+00 1.408490165e+00 8.051492395e-01 7.521450941e-01 6.991570339e-01
 6.461876593e-01 5.932365361e-01 5.403037202e-01 4.873893080e-01 4.344933300e-01
 3.816157665e-01 3.287565394e-01 2.759155134e-01 2.230924964e-01 1.702866635e-01
 1.174972381e-01 6.473866909e-02 1.199816602e-02-4.109728029e-02-9.527117070e-02
-1.506494823e-01-2.071507337e-01-2.647104266e-01-3.232679488e-01-3.827589478e-01
-4.431162593e-01-5.042702380e-01-5.661487497e-01-6.286771811e-01-6.917785281e-01
-7.553734370e-01-8.193804052e-01-8.837158117e-01-9.482941304e-01-1.013028033e+00
-1.077828451e+00-1.142604849e+00-1.207265243e+00-1.271716393e+00-1.335864152e+00
-1.399613337e+00-1.462867745e+00-1.525530577e+00-1.587504601e+00-1.648692035e+00
-1.708994528e+00-1.768314203e+00-1.826554154e+00-1.883616354e+00-1.939402222e+00
-1.993815531e+00-2.046760529e+00-2.098141930e+00-2.147864864e+00-2.195835412e+00
-2.241961095e+00-2.286151469e+00-2.328316509e+00-2.368368186e+00-2.406220202e+00
-2.441788732e+00-2.474990709e+00-2.505745977e+00-2.533976455e+00-2.559607508e+00
-2.582565934e+00-2.602782200e+00-2.620188702e+00-2.634723052e+00-2.646325531e+00
-2.654939716e+00-2.660512742e+00-2.662999070e+00-2.662352331e+00-2.658506512e+00
-2.651606041e+00-2.641332314e+00-2.627231977e+00-2.611128342e+00-2.590928070e+00
-2.567542765e+00-2.540899972e+00-2.510965262e+00-2.477772083e+00-2.441323965e+00
-2.401653629e+00-2.358790583e+00-2.312777607e+00-2.263660808e+00-2.211491482e+00
-2.156329880e+00-2.098239741e+00-2.037290910e+00-1.973558257e+00-1.907129271e+00
-1.838092841e+00-1.766540680e+00-1.692569963e+00-1.616282469e+00-1.537785601e+00
-1.457192273e+00-1.374617999e+00-1.290180084e+00-1.203999618e+00-1.116201832e+00
-1.026914283e+00-9.362663099e-01-8.443893667e-01-7.514173018e-01-6.574858148e-01
-5.627309051e-01-4.672885966e-01-3.712951570e-01-2.748876093e-01-1.782054590e-01
-8.139729145e-02 1.544521736e-02 1.124566312e-01 2.097346944e-01 3.072672206e-01
 4.050293904e-01 5.030033642e-01 6.011733314e-01 6.995247677e-01 7.980444714e-01
 8.967204314e-01 9.955416858e-01 1.094498082e+00 1.193580781e+00 1.292784724e+00
 1.392088025e+00 7.856694981e-01 7.324738753e-01 6.792914842e-01 6.261244644e-01
 5.729724649e-01 5.198355401e-01 4.667137741e-01 4.136071972e-01 3.605157982e-01
 3.074395171e-01 2.543782737e-01 2.013318555e-01 1.482989012e-01 9.528136923e-02
 4.230613992e-02-1.073396125e-02-6.450655043e-02-1.194870445e-01-1.756664026e-01
-2.329654460e-01-2.913240317e-01-3.506804356e-01-4.109693370e-01-4.721227194e-01
-5.340699905e-01-5.967380404e-01-6.600513015e-01-7.239318636e-01-7.882995832e-01
-8.530722031e-01-9.181653480e-01-9.834927559e-01-1.048966261e+00-1.114496030e+00
-1.179990688e+00-1.245357401e+00-1.310502163e+00-1.375329920e+00-1.439744605e+00
-1.503649451e+00-1.566947120e+00-1.629539686e+00-1.691328710e+00-1.752215642e+00
-1.812102172e+00-1.870889495e+00-1.928478886e+00-1.984773282e+00-2.039675769e+00
-2.093088277e+00-2.144915222e+00-2.195062257e+00-2.243435469e+00-2.289941661e+00
-2.334489045e+00-2.376987812e+00-2.417349786e+00-2.455487927e+00-2.491317261e+00
-2.524755748e+00-2.555721869e+00-2.584137574e+00-2.609926983e+00-2.633017384e+00
-2.653338290e+00-2.670822480e+00-2.685405998e+00-2.697029374e+00-2.705635088e+00
-2.711169991e+00-2.713588829e+00-2.712854555e+00-2.708861914e+00-2.701685426e+00
-2.691597476e+00-2.677583095e+00-2.660496936e+00-2.640163778e+00-2.616490498e+00
-2.589490207e+00-2.559186868e+00-2.525579305e+00-2.488691691e+00-2.448548337e+00
-2.405186327e+00-2.358644723e+00-2.308970266e+00-2.256216234e+00-2.200441349e+00
-2.141708928e+00-2.080095210e+00-2.015679485e+00-1.948544055e+00-1.878777287e+00
-1.806472570e+00-1.731730259e+00-1.654656003e+00-1.575357374e+00-1.493945764e+00
-1.410538169e+00-1.325255090e+00-1.238219121e+00-1.149556139e+00-1.059395615e+00
-9.678696137e-01-8.751108480e-01-7.812527381e-01-6.864304546e-01-5.907815212e-01
-4.944445611e-01-3.975585194e-01-3.002620878e-01-2.026945406e-01-1.050034002e-01
-7.306384331e-03 9.046395595e-02 1.884458393e-01 2.866444762e-01 3.850362394e-01
 4.836056582e-01 5.823394364e-01 6.812252754e-01 7.802520010e-01 8.794094750e-01
 9.786884814e-01 1.078080513e+00 1.177578177e+00 1.277177253e+00 1.376859448e+00
 7.680094377e-01 7.146402471e-01 6.612817632e-01 6.079356886e-01 5.546017127e-01
 5.012798593e-01 4.479701791e-01 3.946726790e-01 3.413873336e-01 2.881140925e-01
 2.348528988e-01 1.816033203e-01 1.283642925e-01 7.514467235e-02 2.195420303e-02
-3.147763986e-02-8.594268848e-02-1.416630593e-01-1.985703870e-01-2.565974825e-01
-3.156848293e-01-3.757694569e-01-4.367853380e-01-4.986638389e-01-5.613337491e-01
-6.247213126e-01-6.887502674e-01-7.533418683e-01-8.184151009e-01-8.838867114e-01
-9.496714428e-01-1.015682204e+00-1.081830113e+00-1.148024759e+00-1.214174122e+00
-1.280184745e+00-1.345961990e+00-1.411410067e+00-1.476432252e+00-1.540931080e+00
-1.604808371e+00-1.667965544e+00-1.730303709e+00-1.791723983e+00-1.852127316e+00
-1.911414466e+00-1.969486861e+00-2.026246364e+00-2.081594501e+00-2.135434260e+00
-2.187670393e+00-2.238206387e+00-2.286947665e+00-2.333801887e+00-2.378677256e+00
-2.421482962e+00-2.462129960e+00-2.500531624e+00-2.536602272e+00-2.570258799e+00
-2.601420646e+00-2.630008412e+00-2.655946312e+00-2.679160756e+00-2.699581157e+00
-2.717140023e+00-2.731772627e+00-2.743418921e+00-2.752021631e+00-2.757526726e+00
-2.759885378e+00-2.759076889e+00-2.755040575e+00-2.747564501e+00-2.736848624e+00
-2.723269933e+00-2.705900075e+00-2.685272784e+00-2.661319383e+00-2.634015807e+00
-2.603367559e+00-2.569390424e+00-2.532103496e+00-2.491536073e+00-2.447721219e+00
-2.400700510e+00-2.350520075e+00-2.297231694e+00-2.240898500e+00-2.181589155e+00
-2.119375341e+00-2.054335266e+00-1.986553028e+00-1.916120422e+00-1.843133367e+00
-1.767690828e+00-1.689898372e+00-1.609866537e+00-1.527708480e+00-1.443541670e+00
-1.357488528e+00-1.269674489e+00-1.180225939e+00-1.089271241e+00-9.969424566e-01
-9.033746430e-01-8.087042708e-01-7.130686874e-01-6.166061405e-01-5.194557890e-01
-4.217573745e-01-3.236505621e-01-2.252750992e-01-1.267762868e-01-2.828742696e-02
 7.019634071e-02 1.688347466e-01 2.676524203e-01 3.666289080e-01 4.657507889e-01
 5.650072017e-01 6.643880786e-01 7.638842741e-01 8.634875119e-01 9.631902637e-01
 1.062985562e+00 1.162867342e+00 1.262832148e+00 1.362865005e+00 7.521800257e-01
 6.986543511e-01 6.451372414e-01 5.916300517e-01 5.381325169e-01 4.846446334e-01
 4.311664175e-01 3.776978455e-01 3.242388615e-01 2.707894027e-01 2.173493672e-01
 1.639178472e-01 1.104950411e-01 5.710097664e-02 3.693581124e-03-5.022085703e-02
-1.053345360e-01-1.617156735e-01-2.192786868e-01-2.779625258e-01-3.377072367e-01
-3.984489037e-01-4.601207905e-01-5.226535559e-01-5.859752659e-01-6.500113965e-01
-7.146849589e-01-7.799165656e-01-8.456246247e-01-9.117253378e-01-9.781329615e-01
-1.044759749e+00-1.111516079e+00-1.178310660e+00-1.245050558e+00-1.311641620e+00
-1.377988646e+00-1.443995396e+00-1.509564760e+00-1.574598719e+00-1.638998549e+00
-1.702665108e+00-1.765498922e+00-1.827400451e+00-1.888270045e+00-1.948008302e+00
-2.006516195e+00-2.063694958e+00-2.119446213e+00-2.173672802e+00-2.226277862e+00
-2.277164925e+00-2.326240353e+00-2.373410400e+00-2.418582108e+00-2.461665659e+00
-2.502571927e+00-2.541213003e+00-2.577503211e+00-2.611359251e+00-2.642699720e+00
-2.671445584e+00-2.697520004e+00-2.720849446e+00-2.741362805e+00-2.758992051e+00
-2.773672582e+00-2.785343020e+00-2.793946656e+00-2.799429184e+00-2.801738238e+00
-2.800848508e+00-2.796769566e+00-2.789353679e+00-2.778435957e+00-2.764363111e+00
-2.746933313e+00-2.726093214e+00-2.701885127e+00-2.674301954e+00-2.643349259e+00
-2.609041864e+00-2.571400295e+00-2.530452694e+00-2.486232864e+00-2.438780292e+00
-2.388143903e+00-2.334380884e+00-2.277550902e+00-2.217720706e+00-2.154964325e+00
-2.089363086e+00-2.021001519e+00-1.949970366e+00-1.876367246e+00-1.800293139e+00
-1.721854190e+00-1.641162958e+00-1.558334938e+00-1.473487305e+00-1.386741121e+00
-1.298222831e+00-1.208061804e+00-1.116389276e+00-1.023338322e+00-9.290443584e-01
-8.336444990e-01-7.372770830e-01-6.400812853e-01-5.421971120e-01-4.437651561e-01
-3.449261609e-01-2.458207896e-01-1.465932128e-01-4.738634092e-02 5.175887820e-02
 1.510002512e-01 2.503836483e-01 3.498946546e-01 4.495215318e-01 5.492556010e-01
 6.490888740e-01 7.490140747e-01 8.490246447e-01 9.491146149e-01 1.049278459e+00
 1.149511388e+00 1.249810726e+00 1.350164558e+00 7.381959667e-01 6.845311297e-01
 6.308728899e-01 5.772222993e-01 5.235791615e-01 4.699434800e-01 4.163152725e-01
 3.626945250e-01 3.090812000e-01 2.554752778e-01 2.018766236e-01 1.482839148e-01
 9.469973648e-02 4.115285894e-02-1.247839571e-02-6.691114347e-02-1.226148292e-01
-1.795775760e-01-2.377218195e-01-2.969883500e-01-3.573162481e-01-4.186409715e-01
-4.808952146e-01-5.440090136e-01-6.079097858e-01-6.725223555e-01-7.377690648e-01
-8.035698828e-01-8.698425198e-01-9.365025264e-01-1.003463474e+00-1.070636928e+00
-1.137932736e+00-1.205259116e+00-1.272522773e+00-1.339629241e+00-1.406482781e+00
-1.472986451e+00-1.539042329e+00-1.604551635e+00-1.669415253e+00-1.733533756e+00
-1.796807508e+00-1.859136567e+00-1.920420876e+00-1.980560461e+00-2.039455700e+00
-2.097007490e+00-2.153117360e+00-2.207687589e+00-2.260621053e+00-2.311821602e+00
-2.361194573e+00-2.408645581e+00-2.454082392e+00-2.497414721e+00-2.538551910e+00
-2.577406986e+00-2.613894218e+00-2.647929261e+00-2.679430675e+00-2.708318998e+00
-2.734517143e+00-2.757951052e+00-2.778549459e+00-2.796244020e+00-2.810969680e+00
-2.822664844e+00-2.831272195e+00-2.836737623e+00-2.839009442e+00-2.838041445e+00
-2.833820816e+00-2.826337838e+00-2.815457602e+00-2.801128639e+00-2.783485763e+00
-2.762461957e+00-2.738033498e+00-2.710204640e+00-2.678985347e+00-2.644387407e+00
-2.606433416e+00-2.565149301e+00-2.520569398e+00-2.472738453e+00-2.421703111e+00
-2.367517931e+00-2.310245968e+00-2.249955545e+00-2.186719858e+00-2.120620478e+00
-2.051743601e+00-1.980181385e+00-1.906033248e+00-1.829401410e+00-1.750391035e+00
-1.669114005e+00-1.585687670e+00-1.500232327e+00-1.412870958e+00-1.323730179e+00
-1.232939641e+00-1.140631394e+00-1.046939596e+00-9.520004478e-01-8.559518314e-01
-7.589330686e-01-6.610845012e-01-5.625472491e-01-4.634628994e-01-3.639731440e-01
-2.642193769e-01-1.643451902e-01-6.449887780e-02 3.524668104e-02 1.350319070e-01
 2.349237559e-01 3.349153552e-01 4.349963611e-01 5.351601004e-01 6.354005707e-01
 7.357122440e-01 8.360900968e-01 9.365294937e-01 1.037026115e+00 1.137576213e+00
 1.238177659e+00 1.338821194e+00 7.260659516e-01 6.722801378e-01 6.184991767e-01
 5.647238424e-01 5.109539907e-01 4.571896248e-01 4.034307585e-01 3.496773815e-01
 2.959294722e-01 2.421870333e-01 1.884497985e-01 1.347165878e-01 8.099440324e-02
 2.730271592e-02-2.658874426e-02-8.150104734e-02-1.377197788e-01-1.951889414e-01
-2.538400461e-01-3.136144448e-01-3.744503450e-01-4.362827032e-01-4.990437651e-01
-5.626631078e-01-6.270676675e-01-6.921818151e-01-7.579273827e-01-8.242238375e-01
-8.909883101e-01-9.581358097e-01-1.025579296e+00-1.093229766e+00-1.160996545e+00
-1.228787256e+00-1.296508073e+00-1.364063961e+00-1.431358589e+00-1.498294590e+00
-1.564773716e+00-1.630697030e+00-1.695965203e+00-1.760478394e+00-1.824136300e+00
-1.886838275e+00-1.948483799e+00-2.008972757e+00-2.068205602e+00-2.126083089e+00
-2.182506288e+00-2.237376840e+00-2.290597334e+00-2.342071465e+00-2.391704128e+00
-2.439401334e+00-2.485070445e+00-2.528620096e+00-2.569960042e+00-2.609003378e+00
-2.645663127e+00-2.679855568e+00-2.711498923e+00-2.740513012e+00-2.766820931e+00
-2.790347829e+00-2.811022328e+00-2.828775774e+00-2.843542962e+00-2.855261999e+00
-2.863874803e+00-2.869327669e+00-2.871568647e+00-2.870545616e+00-2.866215652e+00
-2.858559568e+00-2.847610535e+00-2.833237462e+00-2.815449841e+00-2.794251875e+00
-2.769632401e+00-2.741594109e+00-2.710143739e+00-2.675294987e+00-2.637067911e+00
-2.595493669e+00-2.550604931e+00-2.502444008e+00-2.451061204e+00-2.396510571e+00
-2.338854481e+00-2.278161930e+00-2.214508796e+00-2.147977920e+00-2.078655030e+00
-2.006631629e+00-1.932007353e+00-1.854886617e+00-1.775377300e+00-1.693591944e+00
-1.609647560e+00-1.523664837e+00-1.435767987e+00-1.346084431e+00-1.254744523e+00
-1.161881137e+00-1.067629497e+00-9.721267814e-01-8.755118192e-01-7.779248052e-01
-6.795070061e-01-5.804004596e-01-4.807475751e-01-3.806908272e-01-2.803722642e-01
-1.799351940e-01-7.953031030e-02 2.074746408e-02 1.210134295e-01 2.213540244e-01
 3.217702028e-01 4.222526432e-01 5.227962256e-01 6.233965058e-01 7.240493242e-01
 8.247508973e-01 9.254977709e-01 1.026286764e+00 1.127115153e+00 1.227981410e+00
 1.328878731e+00 7.157935944e-01 6.619052880e-01 6.080203546e-01 5.541393320e-01
 5.002621197e-01 4.463887193e-01 3.925191390e-01 3.386533697e-01 2.847914045e-01
 2.309332502e-01 1.770784259e-01 1.232263459e-01 6.938976656e-02 1.556373518e-02
-3.860639703e-02-9.393576182e-02-1.505895810e-01-2.084894905e-01-2.675721400e-01
-3.277789700e-01-3.890475299e-01-4.513123143e-01-5.145051236e-01-5.785550741e-01
-6.433886028e-01-7.089295857e-01-7.750993639e-01-8.418169465e-01-9.089990176e-01
-9.765602046e-01-1.044413059e+00-1.112468241e+00-1.180634706e+00-1.248819676e+00
-1.316928953e+00-1.384867028e+00-1.452537116e+00-1.519841449e+00-1.586681314e+00
-1.652957370e+00-1.718569750e+00-1.783418174e+00-1.847402038e+00-1.910420625e+00
-1.972373361e+00-2.033160041e+00-2.092680752e+00-2.150835648e+00-2.207525235e+00
-2.262650975e+00-2.316115635e+00-2.367823004e+00-2.417677588e+00-2.465584874e+00
-2.511451782e+00-2.555186910e+00-2.596700530e+00-2.635904560e+00-2.672712297e+00
-2.707039788e+00-2.738804639e+00-2.767926938e+00-2.794329415e+00-2.817936937e+00
-2.838677589e+00-2.856482773e+00-2.871286836e+00-2.883027730e+00-2.891647121e+00
-2.897090151e+00-2.899303658e+00-2.898262152e+00-2.893948838e+00-2.886180904e+00
-2.875079771e+00-2.860598341e+00-2.842690510e+00-2.821348423e+00-2.796569255e+00
-2.768354004e+00-2.736707506e+00-2.701647014e+00-2.663191698e+00-2.621371188e+00
-2.576220788e+00-2.527781036e+00-2.476101852e+00-2.421240731e+00-2.363260734e+00
-2.302228986e+00-2.238221643e+00-2.171322275e+00-2.101618834e+00-2.029204613e+00
-1.954178515e+00-1.876644643e+00-1.796712031e+00-1.714494142e+00-1.630108538e+00
-1.543676578e+00-1.455323310e+00-1.365177042e+00-1.273369119e+00-1.180033326e+00
-1.085305729e+00-9.893242481e-01-8.922284054e-01-7.941589235e-01-6.952575693e-01
-5.956669526e-01-4.955301589e-01-3.949904008e-01-2.941904613e-01-1.932738705e-01
-9.239225901e-02 8.344215010e-03 1.090229289e-01 2.097477326e-01 3.105271772e-01
 4.113528551e-01 5.122210719e-01 6.131288431e-01 7.140732902e-01 8.150517908e-01
 9.160619667e-01 1.017101626e+00 1.118168871e+00 1.219262635e+00 1.320378149e+00
 7.073809939e-01 6.534086868e-01 5.994385466e-01 5.454709191e-01 4.915057398e-01
 4.375430101e-01 3.835827348e-01 3.296249069e-01 2.756695361e-01 2.217166274e-01
 1.677654563e-01 1.138162312e-01 5.988790931e-02 5.944657152e-03-4.849284183e-02
-1.041717660e-01-1.611807593e-01-2.194339555e-01-2.788707931e-01-3.394324919e-01
-4.010561507e-01-4.636759183e-01-5.272232427e-01-5.916268818e-01-6.568128886e-01
-7.227047503e-01-7.892234356e-01-8.562875657e-01-9.238134464e-01-9.917153183e-01
-1.059905312e+00-1.128293707e+00-1.196789023e+00-1.265298074e+00-1.333726336e+00
-1.401977936e+00-1.469955801e+00-1.537561926e+00-1.604697348e+00-1.671262530e+00
-1.737157358e+00-1.802281336e+00-1.866533630e+00-1.929813272e+00-1.992019283e+00
-2.053050949e+00-2.112807878e+00-2.171190136e+00-2.228098382e+00-2.283434129e+00
-2.337099992e+00-2.388999494e+00-2.439036679e+00-2.487116651e+00-2.533146402e+00
-2.577034701e+00-2.618691553e+00-2.658028256e+00-2.694958275e+00-2.729397410e+00
-2.761263149e+00-2.790475113e+00-2.816956011e+00-2.840630613e+00-2.861426870e+00
-2.879275780e+00-2.894111250e+00-2.905871026e+00-2.914496486e+00-2.919933421e+00
-2.922135303e+00-2.921041304e+00-2.916581962e+00-2.908858320e+00-2.897704660e+00
-2.883123155e+00-2.865111749e+00-2.843654618e+00-2.818744781e+00-2.790384612e+00
-2.758579836e+00-2.723346402e+00-2.684704041e+00-2.642681678e+00-2.597316376e+00
-2.548649321e+00-2.496728748e+00-2.441612736e+00-2.383365215e+00-2.322055505e+00
-2.257759530e+00-2.190559796e+00-2.120544887e+00-2.047809017e+00-1.972451680e+00
-1.894577576e+00-1.814296497e+00-1.731722687e+00-1.646974457e+00-1.560173828e+00
-1.471446327e+00-1.380920724e+00-1.288728922e+00-1.195005288e+00-1.099886549e+00
-1.003511308e+00-9.060198374e-01-8.075535770e-01-7.082549158e-01-6.082669594e-01
-5.077332460e-01-4.067974658e-01-3.056029334e-01-2.042934054e-01-1.030202579e-01
-1.903639693e-03 9.911658263e-02 2.001593344e-01 3.012397351e-01 4.023499303e-01
 5.034873237e-01 6.046500908e-01 7.058363876e-01 8.070445382e-01 9.082730337e-01
 1.009520480e+00 1.110785661e+00 1.212067893e+00 1.313364112e+00 7.008322588e-01
 6.467944683e-01 5.927578941e-01 5.387227308e-01 4.846889429e-01 4.306565320e-01
 3.766255009e-01 3.225958457e-01 2.685675928e-01 2.145407453e-01 1.605143365e-01
 1.064893515e-01 5.249090582e-02-1.547213948e-03-5.621830144e-02-1.121750800e-01
-1.694600209e-01-2.279886365e-01-2.877016989e-01-3.485400422e-01-4.104404582e-01
-4.733368411e-01-5.371603684e-01-6.018395227e-01-6.673000805e-01-7.334652373e-01
-8.002556908e-01-8.675897665e-01-9.353834973e-01-1.003550828e+00-1.072003587e+00
-1.140651783e+00-1.209403623e+00-1.278165651e+00-1.346843100e+00-1.415339821e+00
-1.483558507e+00-1.551400876e+00-1.618767694e+00-1.685559152e+00-1.751674845e+00
-1.817013998e+00-1.881475562e+00-1.944958370e+00-2.007361310e+00-2.068583527e+00
-2.128524552e+00-2.187084472e+00-2.244163981e+00-2.299664418e+00-2.353487895e+00
-2.405537426e+00-2.455717044e+00-2.503932026e+00-2.550089184e+00-2.594097117e+00
-2.635865940e+00-2.675306761e+00-2.712332675e+00-2.746859378e+00-2.778804296e+00
-2.808086942e+00-2.834629589e+00-2.858357138e+00-2.879197459e+00-2.897081012e+00
-2.911941484e+00-2.923716532e+00-2.932347829e+00-2.937781186e+00-2.939964578e+00
-2.938842953e+00-2.934384314e+00-2.926587402e+00-2.915372736e+00-2.900726168e+00
-2.882635956e+00-2.861089198e+00-2.836078846e+00-2.807606051e+00-2.775678258e+00
-2.740310489e+00-2.701522533e+00-2.659343814e+00-2.613811012e+00-2.564966449e+00
-2.512859178e+00-2.457545975e+00-2.399090540e+00-2.337563301e+00-2.273041030e+00
-2.205606573e+00-2.135348738e+00-2.062362006e+00-1.986746422e+00-1.908607279e+00
-1.828054819e+00-1.745203775e+00-1.660172989e+00-1.573084988e+00-1.484065793e+00
-1.393244661e+00-1.300753884e+00-1.206728210e+00-1.111304752e+00-1.014622534e+00
-9.168222937e-01-8.180459741e-01-7.184365463e-01-6.181376682e-01-5.172933825e-01
-4.160478469e-01-3.145448510e-01-2.129284179e-01-1.113492914e-01-9.934079244e-03
 9.135433328e-02 1.926464509e-01 2.939629026e-01 3.952963453e-01 4.966450552e-01
 5.980081346e-01 6.993845585e-01 8.007733848e-01 9.021737646e-01 1.003584911e+00
 1.105006134e+00 1.206437040e+00 1.307875889e+00 6.961509913e-01 6.420665185e-01
 5.879825736e-01 5.338992410e-01 4.798165053e-01 4.257343674e-01 3.716528275e-01
 3.175718828e-01 2.634915710e-01 2.094118877e-01 1.553316848e-01 1.012526479e-01
 4.720426489e-02-6.905476245e-03-6.175539146e-02-1.179133732e-01-1.753955478e-01
-2.341215155e-01-2.940325908e-01-3.550692347e-01-4.171680301e-01-4.802626861e-01
-5.442841793e-01-6.091607807e-01-6.748180643e-01-7.411790017e-01-8.081640897e-01
-8.756914306e-01-9.436768556e-01-1.012034094e+00-1.080674773e+00-1.149508712e+00
-1.218443907e+00-1.287386725e+00-1.356242226e+00-1.424914066e+00-1.493304778e+00
-1.561315881e+00-1.628847983e+00-1.695801096e+00-1.762074658e+00-1.827567742e+00
-1.892179178e+00-1.955807687e+00-2.018352090e+00-2.079711426e+00-2.139785074e+00
-2.198472911e+00-2.255675374e+00-2.311293607e+00-2.365229621e+00-2.417386410e+00
-2.467668074e+00-2.515979904e+00-2.562228586e+00-2.606322464e+00-2.648171548e+00
-2.687687163e+00-2.724782219e+00-2.759371872e+00-2.791373607e+00-2.820707219e+00
-2.847294475e+00-2.871060417e+00-2.891932521e+00-2.909840966e+00-2.924719535e+00
-2.936506008e+00-2.945142089e+00-2.950573369e+00-2.952744974e+00-2.951607824e+00
-2.947149032e+00-2.939300501e+00-2.928039918e+00-2.913346324e+00-2.895200350e+00
-2.873589384e+00-2.848507204e+00-2.819954318e+00-2.787939005e+00-2.752475219e+00
-2.713583874e+00-2.671293917e+00-2.625641546e+00-2.576669608e+00-2.524427839e+00
-2.468973091e+00-2.410369319e+00-2.348687142e+00-2.284003437e+00-2.216401236e+00
-2.145969652e+00-2.072803598e+00-1.997003507e+00-1.918674959e+00-1.837928437e+00
-1.754878914e+00-1.669645530e+00-1.582351239e+00-1.493122531e+00-1.402089122e+00
-1.309383668e+00-1.215141261e+00-1.119499328e+00-1.022597200e+00-9.245758937e-01
-8.255776331e-01-7.257457100e-01-6.252241085e-01-5.241572111e-01-4.226895244e-01
-3.209652043e-01-2.191285086e-01-1.173297593e-01-1.569972653e-02 8.578288116e-02
 1.872551119e-01 2.887418879e-01 3.902364694e-01 4.917377169e-01 5.932453756e-01
 6.947589951e-01 7.962781489e-01 8.978024565e-01 9.993315650e-01 1.100865166e+00
 1.202403086e+00 1.303944547e+00 6.933367046e-01 6.392245758e-01 5.851125685e-01
 5.310007018e-01 4.768889716e-01 4.227773777e-01 3.686659183e-01 3.145545907e-01
 2.604434379e-01 2.063324425e-01 1.522203793e-01 9.810950944e-02 4.403078911e-02
-1.012594762e-02-6.508471763e-02-1.213634063e-01-1.789639577e-01-2.378084927e-01
-2.978385707e-01-3.589944207e-01-4.212124969e-01-4.844263948e-01-5.485669692e-01
-6.135623611e-01-6.793380215e-01-7.458167863e-01-8.129190312e-01-8.805627225e-01
-9.486635693e-01-1.017135167e+00-1.085889021e+00-1.154834830e+00-1.223880456e+00
-1.292932157e+00-1.361894876e+00-1.430672151e+00-1.499166408e+00-1.567279047e+00
-1.634910587e+00-1.701960937e+00-1.768329441e+00-1.833915084e+00-1.898616603e+00
-1.962332635e+00-2.024961936e+00-2.086403458e+00-2.146556501e+00-2.205320849e+00
-2.262596851e+00-2.318285600e+00-2.372289109e+00-2.424510398e+00-2.474853561e+00
-2.523223852e+00-2.569527867e+00-2.613673724e+00-2.655571196e+00-2.695131670e+00
-2.732268257e+00-2.766896100e+00-2.798932402e+00-2.828296664e+00-2.854910841e+00
-2.878699968e+00-2.899591304e+00-2.917514738e+00-2.932404355e+00-2.944198019e+00
-2.952837276e+00-2.958267103e+00-2.960435785e+00-2.959297045e+00-2.954814270e+00
-2.946945330e+00-2.935661457e+00-2.920938822e+00-2.902759127e+00-2.881109805e+00
-2.855984605e+00-2.827384010e+00-2.795316003e+00-2.759794637e+00-2.720841231e+00
-2.678484574e+00-2.632760723e+00-2.583712612e+00-2.531390225e+00-2.475850563e+00
-2.417157578e+00-2.355381903e+00-2.290600608e+00-2.222897030e+00-2.152360565e+00
-2.079086397e+00-2.003175162e+00-1.924732576e+00-1.843869248e+00-1.760700307e+00
-1.675345099e+00-1.587926825e+00-1.498572212e+00-1.407411224e+00-1.314576742e+00
-1.220204091e+00-1.124430907e+00-1.027396734e+00-9.292427821e-01-8.301114646e-01
-7.301462424e-01-6.294912552e-01-5.282910503e-01-4.266903052e-01-3.248333622e-01
-2.228645953e-01-1.209340791e-01-1.917490739e-02 8.242516557e-02 1.840061400e-01
 2.855956711e-01 3.871875104e-01 4.887808512e-01 5.903758171e-01 6.919723014e-01
 7.935701880e-01 8.951693799e-01 9.967697873e-01 1.098371332e+00 1.199973971e+00
 1.301577508e+00 6.923880336e-01 6.382671113e-01 5.841461890e-01 5.300252667e-01
 4.759043444e-01 4.217834222e-01 3.676624985e-01 3.135415719e-01 2.594206875e-01
 2.052998231e-01 1.511777371e-01 9.705692032e-02 4.296852768e-02-1.120424517e-02
-6.619891606e-02-1.225175356e-01-1.801574172e-01-2.390413891e-01-2.991110698e-01
-3.603066023e-01-4.225643914e-01-4.858179905e-01-5.499982124e-01-6.150331536e-01
-6.808482238e-01-7.473662139e-01-8.145074604e-01-8.821898849e-01-9.503291570e-01
-1.018838829e+00-1.087630365e+00-1.156613426e+00-1.225695830e+00-1.294783799e+00
-1.363782238e+00-1.432594646e+00-1.501123414e+00-1.569269903e+00-1.636934602e+00
-1.704017384e+00-1.770417564e+00-1.836034094e+00-1.900765680e+00-1.964510931e+00
-2.027168578e+00-2.088637544e+00-2.148817111e+00-2.207607047e+00-2.264907685e+00
-2.320620109e+00-2.374646314e+00-2.426889301e+00-2.477253140e+00-2.525643060e+00
-2.571965628e+00-2.616128909e+00-2.658042616e+00-2.697618095e+00-2.734768493e+00
-2.769409010e+00-2.801456798e+00-2.830831345e+00-2.857454710e+00-2.881251699e+00
-2.902149435e+00-2.920077985e+00-2.934971388e+00-2.946767566e+00-2.955408048e+00
-2.960837525e+00-2.963005118e+00-2.961865252e+00-2.957374642e+00-2.949499572e+00
-2.938208201e+00-2.923475959e+00-2.905284994e+00-2.883623017e+00-2.858483622e+00
-2.829867225e+00-2.797781555e+00-2.762240909e+00-2.723266724e+00-2.680887811e+00
-2.635140173e+00-2.586066745e+00-2.533717582e+00-2.478149736e+00-2.419427175e+00
-2.357620568e+00-2.292807057e+00-2.225070051e+00-2.154499001e+00-2.081189137e+00
-2.005241141e+00-1.926760783e+00-1.845858727e+00-1.762650165e+00-1.677254517e+00
-1.589795059e+00-1.500398581e+00-1.409195118e+00-1.316317625e+00-1.221901508e+00
-1.126084476e+00-1.029006146e+00-9.308078031e-01-8.316319280e-01-7.316220446e-01
-6.309223475e-01-5.296774384e-01-4.280320462e-01-3.261305661e-01-2.241173993e-01
-1.221425230e-01-2.033976525e-02 8.130012744e-02 1.829179381e-01 2.845422534e-01
 3.861670151e-01 4.877915289e-01 5.894160469e-01 6.910405794e-01 7.926651166e-01
 8.942896580e-01 9.959142036e-01 1.097538753e+00 1.199163307e+00 1.300787863e+00
 6.933138756e-01 6.392028904e-01 5.850920525e-01 5.309813858e-01 4.768708860e-01
 4.227605538e-01 3.686503883e-01 3.145403877e-01 2.604305959e-01 2.063209966e-01
 1.522103646e-01 9.810096477e-02 4.402377091e-02-1.013148215e-02-6.508922674e-02
-1.213673216e-01-1.789675077e-01-2.378117943e-01-2.978416904e-01-3.589973974e-01
-4.212153537e-01-4.844291451e-01-5.485696211e-01-6.135649197e-01-6.793404902e-01
-7.458191677e-01-8.129213284e-01-8.805649392e-01-9.486657103e-01-1.017137239e+00
-1.085891030e+00-1.154836786e+00-1.223882370e+00-1.292934041e+00-1.361896743e+00
-1.430674016e+00-1.499168286e+00-1.567280955e+00-1.634912542e+00-1.701962958e+00
-1.768331548e+00-1.833917296e+00-1.898618936e+00-1.962335106e+00-2.024964558e+00
-2.086406243e+00-2.146559467e+00-2.205324022e+00-2.262600267e+00-2.318289301e+00
-2.372293132e+00-2.424514770e+00-2.474858307e+00-2.523228998e+00-2.569533420e+00
-2.613679626e+00-2.655577326e+00-2.695137929e+00-2.732274630e+00-2.766902608e+00
-2.798939066e+00-2.828303544e+00-2.854918031e+00-2.878707356e+00-2.899598785e+00
-2.917522494e+00-2.932412354e+00-2.944206197e+00-2.952845663e+00-2.958275712e+00
-2.960444592e+00-2.959306000e+00-2.954823459e+00-2.946954789e+00-2.935671093e+00
-2.920948596e+00-2.902769077e+00-2.881119968e+00-2.855995128e+00-2.827394855e+00
-2.795326926e+00-2.759805571e+00-2.720852179e+00-2.678495605e+00-2.632771936e+00
-2.583724065e+00-2.531401944e+00-2.475862568e+00-2.417169873e+00-2.355394479e+00
-2.290613453e+00-2.222910135e+00-2.152373926e+00-2.079100016e+00-2.003189042e+00
-1.924746721e+00-1.843883663e+00-1.760714994e+00-1.675360060e+00-1.587942056e+00
-1.498587703e+00-1.407426959e+00-1.314592702e+00-1.220220256e+00-1.124447253e+00
-1.027413235e+00-9.292594077e-01-8.301281786e-01-7.301630008e-01-6.295080031e-01
-5.283077185e-01-4.267068058e-01-3.248495827e-01-2.228803909e-01-1.209492573e-01
-1.918924562e-02 8.241177858e-02 1.839936770e-01 2.855840906e-01 3.871767792e-01
 4.887709382e-01 5.903666927e-01 6.919639374e-01 7.935625578e-01 8.951624582e-01
 9.967635503e-01 1.098365757e+00 1.199969036e+00 1.301573193e+00 6.961214280e-01
 6.420389456e-01 5.879570112e-01 5.338757114e-01 4.797950290e-01 4.257149632e-01
 3.716355129e-01 3.175566736e-01 2.634784811e-01 2.094009286e-01 1.553228646e-01
 1.012459742e-01 4.719976548e-02-6.907877512e-03-6.175629422e-02-1.179134529e-01
-1.753951930e-01-2.341209350e-01-2.940319169e-01-3.550685592e-01-4.171674206e-01
-4.802621957e-01-5.442838512e-01-6.091606518e-01-6.748181665e-01-7.411793630e-01
-8.081647349e-01-8.756923816e-01-9.436781323e-01-1.012035715e+00-1.080676755e+00
-1.149511072e+00-1.218446660e+00-1.287389884e+00-1.356245802e+00-1.424918066e+00
-1.493309204e+00-1.561320735e+00-1.628853265e+00-1.695806807e+00-1.762080798e+00
-1.827574310e+00-1.892186167e+00-1.955815081e+00-2.018359872e+00-2.079719568e+00
-2.139793529e+00-2.198481613e+00-2.255684244e+00-2.311302582e+00-2.365238702e+00
-2.417395710e+00-2.467677803e+00-2.515990308e+00-2.562239792e+00-2.606334321e+00
-2.648183663e+00-2.687699290e+00-2.724794539e+00-2.759384693e+00-2.791387038e+00
-2.820721210e+00-2.847308843e+00-2.871075081e+00-2.891947593e+00-2.909856457e+00
-2.924735449e+00-2.936522313e+00-2.945158825e+00-2.950590569e+00-2.952762506e+00
-2.951625483e+00-2.947167352e+00-2.939319359e+00-2.928059184e+00-2.913365970e+00
-2.895220428e+00-2.873609710e+00-2.848528175e+00-2.819975681e+00-2.787960319e+00
-2.752496708e+00-2.713605899e+00-2.671316372e+00-2.625664364e+00-2.576692916e+00
-2.524451756e+00-2.468997646e+00-2.410394390e+00-2.348712496e+00-2.284028903e+00
-2.216426757e+00-2.145995239e+00-2.072829299e+00-1.997029370e+00-1.918701011e+00
-1.837954676e+00-1.754905319e+00-1.669672069e+00-1.582377891e+00-1.493149285e+00
-1.402115978e+00-1.309410629e+00-1.215168333e+00-1.119526518e+00-1.022624510e+00
-9.246033186e-01-8.256051553e-01-7.257732919e-01-6.252516874e-01-5.241846943e-01
-4.227167825e-01-3.209920633e-01-2.191547381e-01-1.173550503e-01-1.572372752e-02
 8.576033955e-02 1.872340080e-01 2.887221807e-01 3.902181270e-01 4.917207074e-01
 5.932296671e-01 6.947445561e-01 7.962649485e-01 8.977904644e-01 9.993207515e-01
 1.100855503e+00 1.202394543e+00 1.303937101e+00 7.008049598e-01 6.467692993e-01
 5.927348407e-01 5.387017733e-01 4.846700590e-01 4.306396955e-01 3.766106821e-01
 3.225830105e-01 2.685567030e-01 2.145317579e-01 1.605072030e-01 1.064840195e-01
 5.248733713e-02-1.549133410e-03-5.621910909e-02-1.121754282e-01-1.694602797e-01
-2.279889954e-01-2.877022765e-01-3.485409196e-01-4.104416926e-01-4.733384735e-01
-5.371624274e-01-6.018420270e-01-6.673030400e-01-7.334686537e-01-8.002595577e-01
-8.675940690e-01-9.353882138e-01-1.003555936e+00-1.072009066e+00-1.140657618e+00
-1.209409805e+00-1.278172179e+00-1.346849981e+00-1.415347067e+00-1.483566136e+00
-1.551408895e+00-1.618776101e+00-1.685567928e+00-1.751683962e+00-1.817023436e+00
-1.881485345e+00-1.944968583e+00-2.007372114e+00-2.068595112e+00-2.128537024e+00
-2.187097759e+00-2.244177805e+00-2.299678440e+00-2.353501941e+00-2.405551633e+00
-2.455731755e+00-2.503947532e+00-2.550105601e+00-2.594114414e+00-2.635883941e+00
-2.675325293e+00-2.712351672e+00-2.746878851e+00-2.778824261e+00-2.808107699e+00
-2.834651057e+00-2.858379132e+00-2.879220002e+00-2.897104108e+00-2.911965285e+00
-2.923740961e+00-2.932372889e+00-2.937806858e+00-2.939990774e+00-2.938869733e+00
-2.934412043e+00-2.926615602e+00-2.915401478e+00-2.900755493e+00-2.882666044e+00
-2.861119802e+00-2.836110398e+00-2.807638003e+00-2.775710314e+00-2.740342961e+00
-2.701556171e+00-2.659378085e+00-2.613845146e+00-2.565000670e+00-2.512894062e+00
-2.457581594e+00-2.399126645e+00-2.337599636e+00-2.273077640e+00-2.205643690e+00
-2.135386579e+00-2.062400701e+00-1.986785981e+00-1.908647613e+00-1.828095784e+00
-1.745245176e+00-1.660214608e+00-1.573126653e+00-1.484107403e+00-1.393286166e+00
-1.300795250e+00-1.206769409e+00-1.111345761e+00-1.014663325e+00-9.168628225e-01
-8.180861784e-01-7.184763526e-01-6.181769911e-01-5.173321191e-01-4.160858672e-01
-3.145819872e-01-2.129644525e-01-1.113839426e-01-9.967055174e-03 9.132312454e-02
 1.926169992e-01 2.939351928e-01 3.952703628e-01 4.966207822e-01 5.979855502e-01
 6.993636393e-01 8.007541050e-01 9.021560962e-01 1.003568825e+00 1.104991600e+00
 1.206424030e+00 1.307864375e+00 7.073585269e-01 6.533880593e-01 5.994197125e-01
 5.454538219e-01 4.914903210e-01 4.375292075e-01 3.835704828e-01 3.296141362e-01
 2.756601744e-01 2.217085990e-01 1.677586824e-01 1.138106316e-01 5.988341318e-02
 5.941150818e-03-4.849572962e-02-1.041744896e-01-1.611835358e-01-2.194368651e-01
-2.788738747e-01-3.394357665e-01-4.010596293e-01-4.636796081e-01-5.272271502e-01
-5.916310158e-01-6.568172628e-01-7.227093853e-01-7.892283597e-01-8.562928132e-01
-9.238190528e-01-9.917213163e-01-1.059911730e+00-1.128300572e+00-1.196796362e+00
-1.265305913e+00-1.333734721e+00-1.401986944e+00-1.469965542e+00-1.537572496e+00
-1.604708796e+00-1.671274817e+00-1.737170321e+00-1.802294711e+00-1.866547179e+00
-1.929826889e+00-1.992033079e+00-2.053065220e+00-2.112822968e+00-2.171206266e+00
-2.228115602e+00-2.283452387e+00-2.337119217e+00-2.389019614e+00-2.439057562e+00
-2.487138140e+00-2.533168521e+00-2.577057511e+00-2.618714954e+00-2.658052425e+00
-2.694983439e+00-2.729423444e+00-2.761289831e+00-2.790502681e+00-2.816984341e+00
-2.840659764e+00-2.861456741e+00-2.879306518e+00-2.894142857e+00-2.905903397e+00
-2.914529806e+00-2.919967464e+00-2.922169992e+00-2.921077206e+00-2.916619540e+00
-2.908895776e+00-2.897742710e+00-2.883161857e+00-2.865151358e+00-2.843695316e+00
-2.818786443e+00-2.790426861e+00-2.758622986e+00-2.723390743e+00-2.684748696e+00
-2.642726747e+00-2.597361604e+00-2.548695103e+00-2.496776077e+00-2.441661057e+00
-2.383413509e+00-2.322103661e+00-2.257808007e+00-2.190608887e+00-2.120594593e+00
-2.047859198e+00-1.972502261e+00-1.894628574e+00-1.814348020e+00-1.731774868e+00
-1.647027389e+00-1.560227561e+00-1.471500878e+00-1.380976082e+00-1.288785035e+00
-1.195062064e+00-1.099943851e+00-1.003568950e+00-9.060775899e-01-8.076111841e-01
-7.083121410e-01-6.083235942e-01-5.077890991e-01-4.068523505e-01-3.056566515e-01
-2.043457408e-01-1.030709870e-01-1.952609301e-03 9.906936327e-02 2.001139347e-01
 3.011962349e-01 4.023083864e-01 5.034477770e-01 6.046125695e-01 7.058009091e-01
 8.070111106e-01 9.082416566e-01 1.009491146e+00 1.110758359e+00 1.212042605e+00
 1.313340822e+00 7.157785168e-01 6.618916802e-01 6.080081576e-01 5.541284751e-01
 5.002525315e-01 4.463803260e-01 3.925118646e-01 3.386471359e-01 2.847861314e-01
 2.309288563e-01 1.770748281e-01 1.232234601e-01 6.938751371e-02 1.556202212e-02
-3.860778501e-02-9.393712738e-02-1.505910608e-01-2.084911329e-01-2.675739875e-01
-3.277810713e-01-3.890499379e-01-4.513150865e-01-5.145083218e-01-5.785587632e-01
-6.433928475e-01-7.089344480e-01-7.751049116e-01-8.418232605e-01-9.090061699e-01
-9.765682371e-01-1.044421979e+00-1.112478009e+00-1.180645212e+00-1.248830734e+00
-1.316940362e+00-1.384878627e+00-1.452548825e+00-1.519853322e+00-1.586693543e+00
-1.652970223e+00-1.718583499e+00-1.783432996e+00-1.847418006e+00-1.910437747e+00
-1.972391632e+00-2.033179465e+00-2.092701321e+00-2.150857273e+00-2.207547716e+00
-2.262674139e+00-2.316139516e+00-2.367847705e+00-2.417703012e+00-2.465611001e+00
-2.511478928e+00-2.555215228e+00-2.596729941e+00-2.635934766e+00-2.672743499e+00
-2.707072050e+00-2.738837851e+00-2.767961225e+00-2.794364297e+00-2.817973081e+00
-2.838714882e+00-2.856521067e+00-2.871325955e+00-2.883067902e+00-2.891688362e+00
-2.897132196e+00-2.899346646e+00-2.898306570e+00-2.893994989e+00-2.886227496e+00
-2.875127232e+00-2.860646617e+00-2.842739327e+00-2.821398663e+00-2.796620433e+00
-2.768406017e+00-2.736761258e+00-2.701701621e+00-2.663246883e+00-2.621428099e+00
-2.576278568e+00-2.527839115e+00-2.476160635e+00-2.421299825e+00-2.363319638e+00
-2.302289080e+00-2.238283742e+00-2.171385528e+00-2.101682302e+00-2.029267933e+00
-1.954241790e+00-1.876708061e+00-1.796775692e+00-1.714558097e+00-1.630172866e+00
-1.543741373e+00-1.455388608e+00-1.365242849e+00-1.273435483e+00-1.180100313e+00
-1.085373377e+00-9.893925596e-01-8.922973449e-01-7.942284271e-01-6.953275634e-01
-5.957373403e-01-4.956008026e-01-3.950611225e-01-2.942610499e-01-1.933440984e-01
-9.246194340e-02 8.275114199e-03 1.089544567e-01 2.096801799e-01 3.104608400e-01
 4.112879710e-01 5.121578375e-01 6.130674221e-01 7.140138222e-01 8.149943962e-01
 9.160067474e-01 1.017048665e+00 1.118118232e+00 1.219214359e+00 1.320332263e+00
 7.260604841e-01 6.722756559e-01 6.184956073e-01 5.647211000e-01 5.109519911e-01
 4.571882831e-01 4.034299887e-01 3.496770968e-01 2.959295845e-01 2.421874532e-01
 1.884504349e-01 1.347173514e-01 8.099521118e-02 2.730349263e-02-2.658813721e-02
-8.150090785e-02-1.377202841e-01-1.951901636e-01-2.538420402e-01-3.136172657e-01
-3.744540335e-01-4.362872767e-01-4.990492146e-01-5.626693938e-01-6.270747093e-01
-6.921894785e-01-7.579354986e-01-8.242322560e-01-8.909969119e-01-9.581445205e-01
-1.025588125e+00-1.093238826e+00-1.161006012e+00-1.228797346e+00-1.296519008e+00
-1.364075916e+00-1.431371684e+00-1.498308911e+00-1.564789326e+00-1.630713970e+00
-1.695983499e+00-1.760498039e+00-1.824157240e+00-1.886860355e+00-1.948506782e+00
-2.008996452e+00-2.068230015e+00-2.126108324e+00-2.182532291e+00-2.237403532e+00
-2.290625004e+00-2.342100471e+00-2.391734453e+00-2.439432955e+00-2.485103163e+00
-2.528653618e+00-2.569995001e+00-2.609039436e+00-2.645700376e+00-2.679894097e+00
-2.711538073e+00-2.740553457e+00-2.766862642e+00-2.790391013e+00-2.811066790e+00
-2.828821121e+00-2.843589536e+00-2.855310019e+00-2.863923875e+00-2.869377654e+00
-2.871619796e+00-2.870598142e+00-2.866269402e+00-2.858615588e+00-2.847667180e+00
-2.833295027e+00-2.815508484e+00-2.794311210e+00-2.769693337e+00-2.741656352e+00
-2.710207164e+00-2.675358820e+00-2.637134146e+00-2.595561095e+00-2.550672940e+00
-2.502513566e+00-2.451132481e+00-2.396582527e+00-2.338926632e+00-2.278234702e+00
-2.214582113e+00-2.148050968e+00-2.078728432e+00-2.006706957e+00-1.932084811e+00
-1.854965302e+00-1.775456450e+00-1.693671055e+00-1.609726380e+00-1.523743362e+00
-1.435846299e+00-1.346162648e+00-1.254822792e+00-1.161959627e+00-1.067708334e+00
-9.722060208e-01-8.755914437e-01-7.780047621e-01-6.795872650e-01-5.804810166e-01
-4.808284214e-01-3.807719422e-01-2.804536338e-01-1.800168535e-01-7.961247249e-02
 2.066433526e-02 1.209291438e-01 2.212688188e-01 3.216843783e-01 4.221664854e-01
 5.227100220e-01 6.233105484e-01 7.239639073e-01 8.246663162e-01 9.254143213e-01
 1.026204732e+00 1.127034793e+00 1.227902943e+00 1.328802326e+00 7.381979609e-01
 6.845334051e-01 6.308753589e-01 5.772248616e-01 5.235817218e-01 4.699459463e-01
 4.163175578e-01 3.626965479e-01 3.090828854e-01 2.554765578e-01 2.018774445e-01
 1.482842471e-01 9.469957757e-02 4.115224291e-02-1.247947203e-02-6.691291414e-02
-1.226174288e-01-1.795809371e-01-2.377257874e-01-2.969927612e-01-3.573209583e-01
-4.186458620e-01-4.809002032e-01-5.440140761e-01-6.079149700e-01-6.725277699e-01
-7.377748581e-01-8.035762462e-01-8.698496530e-01-9.365106035e-01-1.003472644e+00
-1.070647324e+00-1.137944471e+00-1.205272282e+00-1.272537430e+00-1.339645400e+00
-1.406500413e+00-1.473005488e+00-1.539062654e+00-1.604573063e+00-1.669437566e+00
-1.733556800e+00-1.796831276e+00-1.859161146e+00-1.920446268e+00-1.980586562e+00
-2.039482641e+00-2.097035735e+00-2.153147195e+00-2.207718882e+00-2.260653779e+00
-2.311855739e+00-2.361229597e+00-2.408681764e+00-2.454120180e+00-2.497453657e+00
-2.538592391e+00-2.577448950e+00-2.613936797e+00-2.647973024e+00-2.679476154e+00
-2.708365755e+00-2.734565568e+00-2.758001088e+00-2.778600425e+00-2.796296387e+00
-2.811023717e+00-2.822720213e+00-2.831329037e+00-2.836795674e+00-2.839068526e+00
-2.838102259e+00-2.833882998e+00-2.826401218e+00-2.815522176e+00-2.801195246e+00
-2.783553863e+00-2.762531232e+00-2.738103641e+00-2.710276477e+00-2.679058644e+00
-2.644461732e+00-2.606509406e+00-2.565225686e+00-2.520648483e+00-2.472818984e+00
-2.421784415e+00-2.367600260e+00-2.310330495e+00-2.250041722e+00-2.186806632e+00
-2.120707243e+00-2.051830547e+00-1.980268884e+00-1.906120724e+00-1.829488741e+00
-1.750479646e+00-1.669204982e+00-1.585780770e+00-1.500326724e+00-1.412965998e+00
-1.323825268e+00-1.233034252e+00-1.140725299e+00-1.047032842e+00-9.520931899e-01
-8.560442490e-01-7.590253449e-01-6.611768126e-01-5.626397266e-01-4.635556183e-01
-3.640661313e-01-2.643126444e-01-1.644388566e-01-6.459341057e-02 3.515045397e-02
 1.349337147e-01 2.348238031e-01 3.348138893e-01 4.348936019e-01 5.350562581e-01
 6.352958493e-01 7.356068420e-01 8.359842123e-01 9.364233344e-01 1.036919900e+00
 1.137470168e+00 1.238072022e+00 1.338716172e+00 7.521834230e-01 6.986572271e-01
 6.451395464e-01 5.916317496e-01 5.381335962e-01 4.846451047e-01 4.311663144e-01
 3.776972273e-01 3.242378144e-01 2.707880408e-01 2.173478329e-01 1.639162973e-01
 1.104936262e-01 5.709984453e-02 3.692827199e-03-5.022138724e-02-1.053351117e-01
-1.617164010e-01-2.192796129e-01-2.779637207e-01-3.377088138e-01-3.984510180e-01
-4.601236095e-01-5.226572411e-01-5.859799711e-01-6.500172681e-01-7.146921273e-01
-7.799251445e-01-8.456347029e-01-9.117369645e-01-9.781461406e-01-1.044774444e+00
-1.111532221e+00-1.178328152e+00-1.245069262e+00-1.311661369e+00-1.378009271e+00
-1.444016787e+00-1.509586897e+00-1.574621649e+00-1.639022288e+00-1.702689594e+00
-1.765524184e+00-1.827426807e+00-1.888297966e+00-1.948037991e+00-2.006547501e+00
-2.063727810e+00-2.119480670e+00-2.173708435e+00-2.226314413e+00-2.277203075e+00
-2.326280007e+00-2.373451402e+00-2.418625011e+00-2.461710263e+00-2.502617162e+00
-2.541259193e+00-2.577551290e+00-2.611409102e+00-2.642751056e+00-2.671498653e+00
-2.697575041e+00-2.720905477e+00-2.741420256e+00-2.759051230e+00-2.773733681e+00
-2.785405537e+00-2.794010883e+00-2.799495144e+00-2.801805018e+00-2.800917297e+00
-2.796840403e+00-2.789426667e+00-2.778510236e+00-2.764438625e+00-2.747010300e+00
-2.726171873e+00-2.701965187e+00-2.674382961e+00-2.643431578e+00-2.609126171e+00
-2.571486067e+00-2.530539540e+00-2.486321183e+00-2.438869688e+00-2.388236155e+00
-2.334474715e+00-2.277645781e+00-2.217816088e+00-2.155061811e+00-2.089462993e+00
-2.021102964e+00-1.950072318e+00-1.876468891e+00-1.800394485e+00-1.721955837e+00
-1.641264755e+00-1.558436499e+00-1.473589377e+00-1.386845174e+00-1.298329446e+00
-1.208170546e+00-1.116499419e+00-1.023449225e+00-9.291553467e-01-8.337548863e-01
-7.373864572e-01-6.401896226e-01-5.423045767e-01-4.438719948e-01-3.450326708e-01
-2.459273365e-01-1.467003187e-01-4.749490894e-02 5.164767580e-02 1.508861847e-01
 2.502670013e-01 3.497757619e-01 4.494007076e-01 5.491331215e-01 6.489649737e-01
 7.488889551e-01 8.488984950e-01 9.489876191e-01 1.049150791e+00 1.149383208e+00
 1.249682192e+00 1.350035807e+00 7.680093875e-01 7.146397174e-01 6.612808634e-01
 6.079345632e-01 5.546005041e-01 5.012787001e-01 4.479691930e-01 3.946719783e-01
 3.413870090e-01 2.881142044e-01 2.348534741e-01 1.816043475e-01 1.283657286e-01
 7.514645497e-02 2.195624472e-02-3.147556542e-02-8.594105463e-02-1.416621918e-01
-1.985704618e-01-2.565986318e-01-3.156871722e-01-3.757731023e-01-4.367903821e-01
-4.986703551e-01-5.613417795e-01-6.247308645e-01-6.887613159e-01-7.533543598e-01
-8.184289576e-01-8.839018261e-01-9.496876851e-01-1.015699435e+00-1.081848210e+00
-1.148043645e+00-1.214193774e+00-1.280205182e+00-1.345983220e+00-1.411432057e+00
-1.476455001e+00-1.540954774e+00-1.604833409e+00-1.667992325e+00-1.730332384e+00
-1.791754436e+00-1.852159440e+00-1.911448284e+00-1.969522105e+00-2.026282553e+00
-2.081632000e+00-2.135473549e+00-2.187711064e+00-2.238248693e+00-2.286992190e+00
-2.333848350e+00-2.378724422e+00-2.421530811e+00-2.462179592e+00-2.500583502e+00
-2.536655932e+00-2.570314137e+00-2.601477799e+00-2.630067894e+00-2.656006874e+00
-2.679222746e+00-2.699645038e+00-2.717206297e+00-2.731840308e+00-2.743488164e+00
-2.752092558e+00-2.757600202e+00-2.759959604e+00-2.759153446e+00-2.755118882e+00
-2.747643733e+00-2.736930103e+00-2.723352238e+00-2.705985671e+00-2.685360156e+00
-2.661408559e+00-2.634106657e+00-2.603459346e+00-2.569482951e+00-2.532198600e+00
-2.491633297e+00-2.447819335e+00-2.400800285e+00-2.350620697e+00-2.297334295e+00
-2.241004129e+00-2.181696462e+00-2.119483845e+00-2.054443912e+00-1.986663335e+00
-1.916233539e+00-1.843248857e+00-1.767807705e+00-1.690015502e+00-1.609983071e+00
-1.527824375e+00-1.443657523e+00-1.357604522e+00-1.269790275e+00-1.180341723e+00
-1.089388268e+00-9.970618741e-01-9.034967180e-01-8.088285509e-01-7.131945041e-01
-6.167328253e-01-5.195826381e-01-4.218836863e-01-3.237759050e-01-2.253995433e-01
-1.269004264e-01-2.841248720e-02 7.006882838e-02 1.687043617e-01 2.675191519e-01
 3.664927835e-01 4.656118934e-01 5.648656848e-01 6.642441487e-01 7.637381836e-01
 8.633395468e-01 9.630407315e-01 1.062834757e+00 1.162715521e+00 1.262679535e+00
 1.362711767e+00 7.856691464e-01 7.324738252e-01 6.792917880e-01 6.261251570e-01
 5.729735436e-01 5.198369714e-01 4.667155061e-01 4.136091593e-01 3.605178979e-01
 3.074416495e-01 2.543803372e-01 2.013337564e-01 1.483005559e-01 9.528270413e-02
 4.230710059e-02-1.073347596e-02-6.450689421e-02-1.194885421e-01-1.756692050e-01
-2.329696189e-01-2.913296033e-01-3.506874050e-01-4.109776795e-01-4.721323866e-01
-5.340809076e-01-5.967501067e-01-6.600644070e-01-7.239459000e-01-7.883144662e-01
-8.530878841e-01-9.181818104e-01-9.835100074e-01-1.048984299e+00-1.114514830e+00
-1.180010233e+00-1.245377795e+00-1.310523695e+00-1.375352983e+00-1.439769524e+00
-1.503676352e+00-1.566975937e+00-1.629570304e+00-1.691361076e+00-1.752249565e+00
-1.812137195e+00-1.870925621e+00-1.928516754e+00-1.984812881e+00-2.039716722e+00
-2.093131153e+00-2.144960584e+00-2.195109813e+00-2.243483880e+00-2.289990513e+00
-2.334539359e+00-2.377040600e+00-2.417404847e+00-2.455544780e+00-2.491375952e+00
-2.524816419e+00-2.555785241e+00-2.584202116e+00-2.609992941e+00-2.633085406e+00
-2.653408554e+00-2.670894951e+00-2.685480250e+00-2.697105370e+00-2.705712447e+00
-2.711250552e+00-2.713670152e+00-2.712938482e+00-2.708947502e+00-2.701772511e+00
-2.691688564e+00-2.677675063e+00-2.660590446e+00-2.640259325e+00-2.616587905e+00
-2.589589814e+00-2.559288458e+00-2.525681757e+00-2.488794278e+00-2.448654112e+00
-2.405294794e+00-2.358754274e+00-2.309080867e+00-2.256328981e+00-2.200554324e+00
-2.141824737e+00-2.080214305e+00-2.015800382e+00-1.948666149e+00-1.878899273e+00
-1.806595594e+00-1.731856162e+00-1.654784899e+00-1.575488500e+00-1.494077931e+00
-1.410670253e+00-1.325386367e+00-1.238349556e+00-1.149686251e+00-1.059525756e+00
-9.679995603e-01-8.752405427e-01-7.813829500e-01-6.865624995e-01-5.909162389e-01
-4.945820846e-01-3.976984745e-01-3.004039051e-01-2.028377431e-01-1.051478204e-01
-7.452487372e-03 9.031541043e-02 1.882949336e-01 2.864912984e-01 3.848807268e-01
 4.834477301e-01 5.821790109e-01 6.810622927e-01 7.800864438e-01 8.792413839e-01
 9.785179580e-01 1.077907714e+00 1.177403307e+00 1.277000560e+00 1.376681164e+00
 8.051514592e-01 7.521474448e-01 6.991594310e-01 6.461900022e-01 5.932387325e-01
 5.403056883e-01 4.873909777e-01 4.344946399e-01 3.816166635e-01 3.287569812e-01
 2.759154695e-01 2.230919447e-01 1.702855884e-01 1.174956307e-01 6.473653503e-02
 1.199549879e-02-4.110064628e-02-9.527551048e-02-1.506549105e-01-2.071572551e-01
-2.647180021e-01-3.232765164e-01-3.827684367e-01-4.431266033e-01-5.042813920e-01
-5.661606928e-01-6.286899106e-01-6.917920501e-01-7.553877442e-01-8.193954737e-01
-8.837316132e-01-9.483107142e-01-1.013045587e+00-1.077847307e+00-1.142625364e+00
-1.207287685e+00-1.271740878e+00-1.335890650e+00-1.399641746e+00-1.462897954e+00
-1.525562398e+00-1.587537657e+00-1.648726134e+00-1.709030138e+00-1.768351768e+00
-1.826593300e+00-1.883656933e+00-1.939444963e+00-1.993860977e+00-2.046808444e+00
-2.098190917e+00-2.147914115e+00-2.195885659e+00-2.242013768e+00-2.286206973e+00
-2.328374126e+00-2.368427655e+00-2.406281598e+00-2.441852328e+00-2.475057412e+00
-2.505813953e+00-2.534045719e+00-2.559678938e+00-2.582639538e+00-2.602858909e+00
-2.620266755e+00-2.634803184e+00-2.646407918e+00-2.655023553e+00-2.660599982e+00
-2.663087073e+00-2.662443267e+00-2.658599347e+00-2.651701242e+00-2.641431006e+00
-2.627332290e+00-2.611227432e+00-2.591031887e+00-2.567648472e+00-2.541007415e+00
-2.511075153e+00-2.477884282e+00-2.441437002e+00-2.401766268e+00-2.358906641e+00
-2.312896943e+00-2.263781719e+00-2.211613237e+00-2.156453316e+00-2.098365021e+00
-2.037416252e+00-1.973687200e+00-1.907261811e+00-1.838227328e+00-1.766676284e+00
-1.692705308e+00-1.616418172e+00-1.537923824e+00-1.457333898e+00-1.374762628e+00
-1.290326624e+00-1.204146741e+00-1.116348553e+00-1.027060076e+00-9.364111759e-01
-8.445337568e-01-7.515616039e-01-6.576299287e-01-5.628746886e-01-4.674324185e-01
-3.714401346e-01-2.750349846e-01-1.783560558e-01-8.155180137e-02 1.528584805e-02
 1.122918902e-01 2.095650390e-01 3.070933458e-01 4.048520069e-01 5.028231251e-01
 6.009906848e-01 6.993399143e-01 7.978574379e-01 8.965311986e-01 9.953502167e-01
 1.094304324e+00 1.193384700e+00 1.292586331e+00 1.391887366e+00 8.264429354e-01
 7.736474123e-01 7.208709553e-01 6.681166493e-01 6.153839830e-01 5.626730142e-01
 5.099838520e-01 4.573165364e-01 4.046710527e-01 3.520473241e-01 2.994452093e-01
 2.468645576e-01 1.943050426e-01 1.417652334e-01 8.924814069e-02 3.677805332e-02
-1.578044830e-02-6.911197213e-02-1.236104890e-01-1.792446057e-01-2.359372560e-01
-2.936278098e-01-3.522533826e-01-4.117477252e-01-4.720419830e-01-5.330648185e-01
-5.947424611e-01-6.569987999e-01-7.197555040e-01-7.829320716e-01-8.464459282e-01
-9.102124306e-01-9.741450993e-01-1.038155724e+00-1.102154618e+00-1.166050729e+00
-1.229751552e+00-1.293163478e+00-1.356191991e+00-1.418741757e+00-1.480716919e+00
-1.542021071e+00-1.602557262e+00-1.662228393e+00-1.720936935e+00-1.778585393e+00
-1.835077180e+00-1.890315132e+00-1.944201960e+00-1.996642005e+00-2.047541339e+00
-2.096806798e+00-2.144345401e+00-2.190063998e+00-2.233871196e+00-2.275678517e+00
-2.315398733e+00-2.352946600e+00-2.388238487e+00-2.421189140e+00-2.451720314e+00
-2.479757209e+00-2.505222756e+00-2.528045944e+00-2.548155497e+00-2.565485492e+00
-2.579974448e+00-2.591561589e+00-2.600192575e+00-2.605815918e+00-2.608381608e+00
-2.607848779e+00-2.604170456e+00-2.597427791e+00-2.587235714e+00-2.574191842e+00
-2.557635037e+00-2.537845773e+00-2.514765281e+00-2.488534965e+00-2.459008882e+00
-2.426258946e+00-2.390302758e+00-2.351147200e+00-2.308833445e+00-2.263402121e+00
-2.214896937e+00-2.163369297e+00-2.108875601e+00-2.051481964e+00-1.991259883e+00
-1.928281181e+00-1.862625874e+00-1.794384580e+00-1.723649994e+00-1.650517982e+00
-1.575089145e+00-1.497467765e+00-1.417764192e+00-1.336093899e+00-1.252574630e+00
-1.167326480e+00-1.080471318e+00-9.921332022e-01-9.024402474e-01-8.115234343e-01
-7.195152175e-01-6.265491184e-01-5.327598282e-01-4.382829945e-01-3.432549645e-01
-2.478120573e-01-1.520939632e-01-5.624393226e-02 3.969064164e-02 1.358915095e-01
 2.324147647e-01 3.292331683e-01 4.263205893e-01 5.236564226e-01 6.212220223e-01
 7.190004158e-01 8.169762216e-01 9.151355116e-01 1.013465518e+00 1.111954273e+00
 1.210591330e+00 1.309370755e+00 1.408266890e+00 8.495327601e-01 7.969627276e-01
 7.444149673e-01 6.918930713e-01 6.393964346e-01 5.869251456e-01 5.344793892e-01
 4.820592938e-01 4.296649299e-01 3.772963132e-01 3.249533943e-01 2.726360508e-01
 2.203440499e-01 1.680764582e-01 1.158323066e-01 6.362595908e-02 1.144382715e-02
-4.108102018e-02-9.463073342e-02-1.493266139e-01-2.050860344e-01-2.618431742e-01
-3.195366097e-01-3.781011778e-01-4.374690151e-01-4.975698469e-01-5.583309873e-01
-6.196773361e-01-6.815314559e-01-7.438136521e-01-8.064422004e-01-8.693334747e-01
-9.324020401e-01-9.955607330e-01-1.058720743e+00-1.121791858e+00-1.184682586e+00
-1.247300335e+00-1.309551661e+00-1.371342237e+00-1.432576939e+00-1.493160025e+00
-1.552994980e+00-1.611985244e+00-1.670034721e+00-1.727046408e+00-1.782922926e+00
-1.837567988e+00-1.890886690e+00-1.942784959e+00-1.993168868e+00-2.041944180e+00
-2.089016787e+00-2.134295707e+00-2.177691416e+00-2.219115502e+00-2.258481363e+00
-2.295704315e+00-2.330696944e+00-2.363379062e+00-2.393675132e+00-2.421505602e+00
-2.446796445e+00-2.469476991e+00-2.489473554e+00-2.506725775e+00-2.521170419e+00
-2.532745292e+00-2.541399453e+00-2.547079476e+00-2.549737160e+00-2.549334883e+00
-2.545818164e+00-2.539237548e+00-2.529353835e+00-2.516813115e+00-2.499485661e+00
-2.481003140e+00-2.458214685e+00-2.432311427e+00-2.403287717e+00-2.371007930e+00
-2.335571864e+00-2.296985743e+00-2.255265851e+00-2.210460378e+00-2.162615595e+00
-2.111779965e+00-2.058011303e+00-2.001370226e+00-1.941926024e+00-1.879756609e+00
-1.814940546e+00-1.747558881e+00-1.677702963e+00-1.605471858e+00-1.530965666e+00
-1.454287674e+00-1.375545366e+00-1.294849430e+00-1.212315447e+00-1.128063823e+00
-1.042217206e+00-9.549000055e-01-8.662381101e-01-7.763585420e-01-6.853905223e-01
-5.934662664e-01-5.007194874e-01-4.072844908e-01-3.132957143e-01-2.188882561e-01
-1.242041520e-01-2.937340334e-02 6.562766982e-02 1.609876268e-01 2.567234777e-01
 3.527972073e-01 4.491806603e-01 5.458500702e-01 6.427837680e-01 7.399621660e-01
 8.373675427e-01 9.349838725e-01 1.032796599e+00 1.130792251e+00 1.228959114e+00
 1.327290631e+00 1.425757291e+00 8.744072371e-01 8.220787789e-01 7.697760840e-01
 7.175033669e-01 6.652600130e-01 6.130462215e-01 5.608622757e-01 5.087083474e-01
 4.565845085e-01 4.044907521e-01 3.524269564e-01 3.003928679e-01 2.483881558e-01
 1.964123039e-01 1.444636817e-01 9.254405569e-02 4.067723821e-02-1.124141126e-02
-6.382624750e-02-1.175074250e-01-1.722681572e-01-2.280280630e-01-2.847253504e-01
-3.422965928e-01-4.006749161e-01-4.597909127e-01-5.195727673e-01-5.799463620e-01
-6.408353472e-01-7.021612328e-01-7.638433838e-01-8.257992201e-01-8.879442712e-01
-9.501923769e-01-1.012455879e+00-1.074645707e+00-1.136671590e+00-1.198441956e+00
-1.259864151e+00-1.320844526e+00-1.381288486e+00-1.441101214e+00-1.500187829e+00
-1.558452229e+00-1.615797645e+00-1.672127944e+00-1.727347972e+00-1.781363349e+00
-1.834079778e+00-1.885402581e+00-1.935236572e+00-1.983487923e+00-2.030065559e+00
-2.074879176e+00-2.117839262e+00-2.158858261e+00-2.197850593e+00-2.234726935e+00
-2.269405204e+00-2.301809183e+00-2.331857643e+00-2.359473035e+00-2.384584455e+00
-2.407116136e+00-2.427001347e+00-2.444176757e+00-2.458579997e+00-2.470149885e+00
-2.478836576e+00-2.484584359e+00-2.487348317e+00-2.487093860e+00-2.483749683e+00
-2.477387166e+00-2.467776092e+00-2.455229558e+00-2.438933429e+00-2.420327475e+00
-2.398206470e+00-2.372576522e+00-2.344072596e+00-2.312349833e+00-2.277455486e+00
-2.239473651e+00-2.198404363e+00-2.154274639e+00-2.107138618e+00-2.057047924e+00
-2.004055447e+00-1.948224390e+00-1.889620414e+00-1.828315596e+00-1.764391477e+00
-1.697933679e+00-1.629027656e+00-1.557763750e+00-1.484242793e+00-1.408570667e+00
-1.330853743e+00-1.251201421e+00-1.169726836e+00-1.086545811e+00-1.001778103e+00
-9.155476288e-01-8.279805090e-01-7.392040713e-01-6.493468393e-01-5.585379534e-01
-4.669073897e-01-3.745870259e-01-2.817100224e-01-1.884111238e-01-9.483564723e-02
-1.086326175e-03 9.296066189e-02 1.874494888e-01 2.823646017e-01 3.776634337e-01
 4.733147855e-01 5.692912906e-01 6.655681315e-01 7.621229764e-01 8.589355911e-01
 9.559876275e-01 1.053262434e+00 1.150744659e+00 1.248420996e+00 1.346284026e+00
 1.444300323e+00 9.010511217e-01 8.489808727e-01 7.969403172e-01 7.449342987e-01
 6.929620770e-01 6.410238265e-01 5.891197771e-01 5.372500354e-01 4.854146417e-01
 4.336135760e-01 3.818467306e-01 3.301139212e-01 2.784148933e-01 2.267493049e-01
 1.751162720e-01 1.235141625e-01 7.195287886e-02 2.043865526e-02-3.129280845e-02
-8.390140878e-02-1.375928808e-01-1.922946803e-01-2.479347285e-01-3.044510299e-01
-3.617781200e-01-4.198476945e-01-4.785891380e-01-5.379295053e-01-5.977935843e-01
-6.581039565e-01-7.187810909e-01-7.797435345e-01-8.409080785e-01-9.021898223e-01
-9.635023406e-01-1.024757674e+00-1.085866414e+00-1.146737762e+00-1.207279752e+00
-1.267399975e+00-1.327005522e+00-1.386002040e+00-1.444294199e+00-1.501786799e+00
-1.558385185e+00-1.613995262e+00-1.668522978e+00-1.721873858e+00-1.773952690e+00
-1.824664116e+00-1.873915221e+00-1.921614568e+00-1.967671239e+00-2.011994784e+00
-2.054497022e+00-2.095091606e+00-2.133687613e+00-2.170201245e+00-2.204555620e+00
-2.236668501e+00-2.266459055e+00-2.293854690e+00-2.318780726e+00-2.341161576e+00
-2.360936393e+00-2.378038785e+00-2.392405017e+00-2.403978191e+00-2.412707984e+00
-2.418535987e+00-2.421421461e+00-2.421333513e+00-2.418180528e+00-2.412053944e+00
-2.402794281e+00-2.390462482e+00-2.375446473e+00-2.355427782e+00-2.334839216e+00
-2.309712914e+00-2.281542791e+00-2.250473707e+00-2.216188220e+00-2.178830304e+00
-2.138451555e+00-2.095055894e+00-2.048680047e+00-1.999382998e+00-1.947221516e+00
-1.892252691e+00-1.834543920e+00-1.774166677e+00-1.711195660e+00-1.645714566e+00
-1.577814216e+00-1.507585668e+00-1.435121213e+00-1.360520307e+00-1.283891167e+00
-1.205344898e+00-1.124992920e+00-1.042949693e+00-9.593329137e-01-8.742623038e-01
-7.878605812e-01-7.002537938e-01-6.115702425e-01-5.219390049e-01-4.314899300e-01
-3.403530314e-01-2.486581480e-01-1.565386783e-01-6.413680919e-02 2.849574240e-02
 1.215677020e-01 2.151552043e-01 3.092179781e-01 4.037130877e-01 4.986062404e-01
 5.938661948e-01 6.894644756e-01 7.853755651e-01 8.815764250e-01 9.780462458e-01
 1.074766241e+00 1.171719108e+00 1.268889800e+00 1.366269851e+00 1.463821671e+00
 9.294527864e-01 8.776571850e-01 8.258951603e-01 7.741721342e-01 7.224872248e-01
 6.708406117e-01 6.192325856e-01 5.676633571e-01 5.161330968e-01 4.646418979e-01
 4.131897546e-01 3.617765485e-01 3.104020011e-01 2.590656868e-01 2.077670205e-01
 1.565045428e-01 1.052776393e-01 5.410351073e-02 2.943308997e-03-4.863162870e-02
-1.011795981e-01-1.547592267e-01-2.092829921e-01-2.646848133e-01-3.209015104e-01
-3.778660814e-01-4.355089799e-01-4.937583683e-01-5.525401891e-01-6.117782904e-01
-6.713944842e-01-7.313086843e-01-7.914389453e-01-8.517015637e-01-9.120110198e-01
-9.722801458e-01-1.032420440e+00-1.092342686e+00-1.151956676e+00-1.211170489e+00
-1.269890944e+00-1.328024592e+00-1.385478125e+00-1.442158520e+00-1.497972592e+00
-1.552826652e+00-1.606626178e+00-1.659275849e+00-1.710681198e+00-1.760750004e+00
-1.809390583e+00-1.856511573e+00-1.902021925e+00-1.945833136e+00-1.987858172e+00
-2.028004751e+00-2.066187561e+00-2.102329100e+00-2.136346619e+00-2.168156649e+00
-2.197683633e+00-2.224854449e+00-2.249589646e+00-2.271822478e+00-2.291487988e+00
-2.308521717e+00-2.322858008e+00-2.334443993e+00-2.343228490e+00-2.349150650e+00
-2.352173924e+00-2.352271433e+00-2.349335466e+00-2.343462153e+00-2.334601545e+00
-2.322407979e+00-2.307955043e+00-2.288385969e+00-2.268041840e+00-2.243926349e+00
-2.216026087e+00-2.185540333e+00-2.151989011e+00-2.115300004e+00-2.075634457e+00
-2.033016621e+00-1.987459929e+00-1.939009146e+00-1.887727380e+00-1.833676369e+00
-1.776917017e+00-1.717520206e+00-1.655562924e+00-1.591122985e+00-1.524285535e+00
-1.455144214e+00-1.383795685e+00-1.310336081e+00-1.234864387e+00-1.157487871e+00
-1.078320262e+00-9.974767020e-01-9.150725845e-01-8.312262320e-01-7.460586392e-01
-6.596923069e-01-5.722518370e-01-4.838643712e-01-3.946590219e-01-3.047652491e-01
-2.143129579e-01-1.234392689e-01-3.226918813e-02 5.924048405e-02 1.513193873e-01
 2.439813703e-01 3.371691031e-01 4.308377486e-01 5.249494244e-01 6.194698769e-01
 7.143681081e-01 8.096160259e-01 9.051877963e-01 1.001059774e+00 1.097210597e+00
 1.193620663e+00 1.290272987e+00 1.387158051e+00 1.484234046e+00 9.595967129e-01
 9.080903316e-01 8.566214807e-01 8.051962932e-01 7.538138851e-01 7.024745487e-01
 6.511786991e-01 5.999266287e-01 5.487185263e-01 4.975544549e-01 4.464343752e-01
 3.953581317e-01 3.443254468e-01 2.933359473e-01 2.423891898e-01 1.914844881e-01
 1.406199598e-01 8.979819497e-02 3.904176248e-02-1.175894052e-02-6.316052781e-02
-1.155443908e-01-1.688935064e-01-2.231252197e-01-2.781752736e-01-3.339787730e-01
-3.904674372e-01-4.475706908e-01-5.052158512e-01-5.633281656e-01-6.218308122e-01
-6.806449119e-01-7.396894879e-01-7.988816811e-01-8.581371294e-01-9.173704536e-01
-9.764949046e-01-1.035421829e+00-1.094061018e+00-1.152321521e+00-1.210112100e+00
-1.267341485e+00-1.323918087e+00-1.379749689e+00-1.434743202e+00-1.488804383e+00
-1.541838490e+00-1.593752532e+00-1.644454715e+00-1.693853340e+00-1.741856823e+00
-1.788373854e+00-1.833315910e+00-1.876595407e+00-1.918118994e+00-1.957800083e+00
-1.995560561e+00-2.031317437e+00-2.064985254e+00-2.096485251e+00-2.125744701e+00
-2.152684587e+00-2.177228723e+00-2.199315573e+00-2.218875800e+00-2.235845756e+00
-2.250161045e+00-2.261770790e+00-2.270622717e+00-2.276654328e+00-2.279832852e+00
-2.280135472e+00-2.277444604e+00-2.271838838e+00-2.263385713e+00-2.251402407e+00
-2.237246807e+00-2.219482487e+00-2.197484939e+00-2.175124414e+00-2.147956087e+00
-2.117802960e+00-2.085026171e+00-2.049123891e+00-2.010203031e+00-1.968390842e+00
-1.923699548e+00-1.876154146e+00-1.825805743e+00-1.772721048e+00-1.716966386e+00
-1.658606258e+00-1.597714474e+00-1.534372585e+00-1.468662182e+00-1.400669813e+00
-1.330490497e+00-1.258224611e+00-1.183972679e+00-1.107835824e+00-1.029919541e+00
-9.503372058e-01-8.692063395e-01-7.866449043e-01-7.027711905e-01-6.177063478e-01
-5.315735681e-01-4.444970413e-01-3.566022328e-01-2.680159302e-01-1.788678005e-01
-8.930019259e-02 5.981436929e-04 9.100439293e-02 1.820818302e-01 2.737983662e-01
 3.660931992e-01 4.589193608e-01 5.522347526e-01 6.460010865e-01 7.401838032e-01
 8.347519755e-01 9.296777435e-01 1.024935775e+00 1.120502924e+00 1.216357452e+00
 1.312480218e+00 1.408860262e+00 1.505451114e+00 9.914621870e-01 9.402593443e-01
 8.890984001e-01 8.379862244e-01 7.869218173e-01 7.359054464e-01 6.849375134e-01
 6.340182910e-01 5.831479648e-01 5.323266558e-01 4.815544372e-01 4.308313025e-01
 3.801571661e-01 3.295318321e-01 2.789549538e-01 2.284260543e-01 1.779441351e-01
 1.275070512e-01 7.712226376e-02 2.680499713e-02-2.364059558e-02-7.479003592e-02
-1.268964365e-01-1.799041324e-01-2.337344938e-01-2.883236203e-01-3.436054332e-01
-3.995107594e-01-4.559682511e-01-5.129043197e-01-5.702431241e-01-6.279067464e-01
-6.858155947e-01-7.438887546e-01-8.020436019e-01-8.601954341e-01-9.182577101e-01
-9.761427663e-01-1.033762286e+00-1.091027564e+00-1.147849321e+00-1.204137403e+00
-1.259800699e+00-1.314746898e+00-1.368882493e+00-1.422114282e+00-1.474350729e+00
-1.525500461e+00-1.575472044e+00-1.624173923e+00-1.671514814e+00-1.717406467e+00
-1.761760923e+00-1.804484072e+00-1.845488301e+00-1.884694948e+00-1.922020982e+00
-1.957379633e+00-1.990689303e+00-2.021875823e+00-2.050862464e+00-2.077567485e+00
-2.101924544e+00-2.123867059e+00-2.143327771e+00-2.160240640e+00-2.174545176e+00
-2.186190955e+00-2.195124235e+00-2.201281844e+00-2.204634266e+00-2.205162553e+00
-2.202744299e+00-2.197418928e+00-2.189371838e+00-2.177874416e+00-2.163903407e+00
-2.147522430e+00-2.125050045e+00-2.103291711e+00-2.077501143e+00-2.047670098e+00
-2.015506463e+00-1.980498737e+00-1.942412541e+00-1.901432001e+00-1.857639453e+00
-1.811047031e+00-1.761690709e+00-1.709626659e+00-1.654924757e+00-1.597655423e+00
-1.537886634e+00-1.475694772e+00-1.411164742e+00-1.344382271e+00-1.275435673e+00
-1.204420453e+00-1.131438843e+00-1.056595395e+00-9.799941595e-01-9.017408560e-01
-8.219466728e-01-7.407291591e-01-6.582082451e-01-5.745037108e-01-4.897358607e-01
-4.040275504e-01-3.175030757e-01-2.302868869e-01-1.425085342e-01-5.430298221e-02
 3.432047822e-02 1.236365702e-01 2.137093887e-01 3.044731057e-01 3.958663642e-01
 4.878391388e-01 5.803464676e-01 6.733476505e-01 7.668052140e-01 8.606849638e-01
 9.549559146e-01 1.049589975e+00 1.144561908e+00 1.239848536e+00 1.335429688e+00
 1.431293919e+00 1.527390176e+00 1.025030155e+00 9.741451793e-01 9.233064768e-01
 8.725215772e-01 8.217893183e-01 7.711099948e-01 7.204841074e-01 6.699120633e-01
 6.193942168e-01 5.689308830e-01 5.185222988e-01 4.681685848e-01 4.178697394e-01
 3.676255947e-01 3.174358162e-01 2.672999287e-01 2.172173181e-01 1.671866771e-01
 1.172061024e-01 6.728681715e-02 1.742876419e-02-3.263087082e-02-8.343671980e-02
-1.351573762e-01-1.877185918e-01-2.410442116e-01-2.950700065e-01-3.497286366e-01
-4.049496576e-01-4.606605070e-01-5.167868591e-01-5.732528393e-01-6.299805820e-01
-6.868899842e-01-7.438988463e-01-8.009234782e-01-8.578791997e-01-9.146805742e-01
-9.712413753e-01-1.027474293e+00-1.083290894e+00-1.138601475e+00-1.193314734e+00
-1.247338481e+00-1.300581670e+00-1.352953991e+00-1.404364691e+00-1.454722965e+00
-1.503937605e+00-1.551917643e+00-1.598575341e+00-1.643822532e+00-1.687564640e+00
-1.729713327e+00-1.770189482e+00-1.808910174e+00-1.845787930e+00-1.880738981e+00
-1.913686511e+00-1.944555717e+00-1.973264265e+00-1.999736273e+00-2.023909485e+00
-2.045711927e+00-2.065079525e+00-2.081944228e+00-2.096249629e+00-2.107944939e+00
-2.116974702e+00-2.123276071e+00-2.126822182e+00-2.127597293e+00-2.125478422e+00
-2.120458388e+00-2.112813201e+00-2.101939471e+00-2.087973942e+00-2.072323019e+00
-2.051529116e+00-2.028209174e+00-2.004438990e+00-1.975573196e+00-1.943763437e+00
-1.909611078e+00-1.872488548e+00-1.832403754e+00-1.789535764e+00-1.743934016e+00
-1.695617824e+00-1.644632295e+00-1.591037687e+00-1.534906667e+00-1.476313339e+00
-1.415328993e+00-1.352032242e+00-1.286510375e+00-1.218852928e+00-1.149150409e+00
-1.077498828e+00-1.004001014e+00-9.287638420e-01-8.518944752e-01-7.735002459e-01
-6.936909183e-01-6.125821471e-01-5.302940794e-01-4.469478276e-01-3.626641266e-01
-2.775640728e-01-1.917715175e-01-1.054223184e-01-1.862171324e-02 6.876595879e-02
 1.569985836e-01 2.460588636e-01 3.358650404e-01 4.263545202e-01 5.174725536e-01
 6.091694097e-01 7.014006777e-01 7.941264216e-01 8.873107070e-01 9.809206921e-01
 1.074925895e+00 1.169298459e+00 1.264012665e+00 1.359046258e+00 1.454386962e+00
 1.549979776e+00 1.060280249e+00 1.009725913e+00 9.592222050e-01 9.087774228e-01
 8.583903962e-01 8.080615845e-01 7.577916746e-01 7.075812231e-01 6.574307005e-01
 6.073404964e-01 5.573108782e-01 5.073420027e-01 4.574339240e-01 4.075865732e-01
 3.577997444e-01 3.080730779e-01 2.584060781e-01 2.087980685e-01 1.592474207e-01
 1.097529586e-01 6.032861974e-02 1.095554442e-02-3.866739294e-02-8.903714461e-02
-1.402715202e-01-1.922882802e-01-2.450116652e-01-2.983762877e-01-3.523140155e-01
-4.067542798e-01-4.616244142e-01-5.168494326e-01-5.723520974e-01-6.280533494e-01
-6.838728261e-01-7.397290503e-01-7.955395065e-01-8.512204118e-01-9.066866387e-01
-9.618516884e-01-1.016627374e+00-1.070923938e+00-1.124651436e+00-1.177720947e+00
-1.230043297e+00-1.281528661e+00-1.332087140e+00-1.381628150e+00-1.430061425e+00
-1.477300014e+00-1.523255728e+00-1.567833826e+00-1.610945536e+00-1.652511404e+00
-1.692448723e+00-1.730669818e+00-1.767089318e+00-1.801627716e+00-1.834210552e+00
-1.864757648e+00-1.893186335e+00-1.919430716e+00-1.943422736e+00-1.965092059e+00
-1.984373889e+00-2.001201293e+00-2.015520517e+00-2.027280088e+00-2.036422675e+00
-2.042886737e+00-2.046647396e+00-2.047691203e+00-2.045898449e+00-2.041218346e+00
-2.033966502e+00-2.023744949e+00-2.009969395e+00-1.994742065e+00-1.976184940e+00
-1.951594986e+00-1.928773825e+00-1.901615164e+00-1.870239453e+00-1.836725196e+00
-1.800624041e+00-1.761553491e+00-1.719656115e+00-1.675073474e+00-1.627837952e+00
-1.577978717e+00-1.525548043e+00-1.470609672e+00-1.413238704e+00-1.353512396e+00
-1.291505174e+00-1.227297494e+00-1.160978439e+00-1.092640808e+00-1.022377421e+00
-9.502850140e-01-8.764664115e-01-8.010292489e-01-7.240830440e-01-6.457371195e-01
-5.661016090e-01-4.852897147e-01-4.034199777e-01-3.206138113e-01-2.369920322e-01
-1.526782564e-01-6.780907031e-02 1.758116714e-02 1.037932978e-01 1.909568587e-01
 2.790021391e-01 3.678488578e-01 4.574323352e-01 5.476939497e-01 6.385804599e-01
 7.300435431e-01 8.220393260e-01 9.145284111e-01 1.007475383e+00 1.100848230e+00
 1.194617936e+00 1.288757202e+00 1.383241876e+00 1.478058190e+00 1.573146327e+00
 1.097187843e+00 1.046976184e+00 9.968198522e-01 9.467279965e-01 8.966994190e-01
 8.467346656e-01 7.968344952e-01 7.469994995e-01 6.972301943e-01 6.475270330e-01
 5.978903883e-01 5.483205444e-01 4.988176847e-01 4.493818850e-01 4.000130987e-01
 3.507110993e-01 3.014754479e-01 2.523055085e-01 2.032003260e-01 1.541577372e-01
 1.051771661e-01 5.627391490e-02 7.415317165e-03-4.170931166e-02-9.155158481e-02
-1.422035795e-01-1.935812977e-01-2.456092763e-01-2.982217134e-01-3.513497484e-01
-4.049214617e-01-4.588628881e-01-5.130985343e-01-5.675515270e-01-6.221437014e-01
-6.767954544e-01-7.314256175e-01-7.859514735e-01-8.402886017e-01-8.943506182e-01
-9.480499049e-01-1.001299300e+00-1.054011882e+00-1.106099820e+00-1.157474615e+00
-1.208047485e+00-1.257728725e+00-1.306429112e+00-1.354062667e+00-1.400541424e+00
-1.445770862e+00-1.489662094e+00-1.532135457e+00-1.573108599e+00-1.612494024e+00
-1.650205225e+00-1.686160552e+00-1.720284375e+00-1.752499103e+00-1.782720413e+00
-1.810873208e+00-1.836894533e+00-1.860710219e+00-1.882254680e+00-1.901459850e+00
-1.918262397e+00-1.932609648e+00-1.944449370e+00-1.953722390e+00-1.960369177e+00
-1.964366257e+00-1.965701507e+00-1.964261307e+00-1.959959709e+00-1.953103789e+00
-1.943533078e+00-1.930307459e+00-1.915229987e+00-1.898188766e+00-1.874560846e+00
-1.850384898e+00-1.825516756e+00-1.795337522e+00-1.762236561e+00-1.727045220e+00
-1.689090743e+00-1.648261167e+00-1.604733863e+00-1.558611150e+00-1.509920344e+00
-1.458700677e+00-1.405009954e+00-1.348914972e+00-1.290492905e+00-1.229823521e+00
-1.166984145e+00-1.102057117e+00-1.035132814e+00-9.663062817e-01-8.956727085e-01
-8.233297255e-01-7.493800328e-01-6.739312203e-01-5.970937741e-01-5.189787586e-01
-4.396972333e-01-3.593615462e-01-2.780872647e-01-1.959942554e-01-1.132144874e-01
-2.986155191e-02 5.418479987e-02 1.392600033e-01 2.253677541e-01 3.124085846e-01
 4.003035177e-01 4.889852510e-01 5.783924660e-01 6.684693184e-01 7.591647065e-01
 8.504322128e-01 9.422295511e-01 1.034517981e+00 1.127262398e+00 1.220431234e+00
 1.313995459e+00 1.407930112e+00 1.502221267e+00 1.596804826e+00 1.135728333e+00
 1.085871524e+00 1.036074950e+00 9.863485573e-01 9.366910105e-01 8.871028889e-01
 8.375850283e-01 7.881381283e-01 7.387628290e-01 6.894597106e-01 6.402292821e-01
 5.910719760e-01 5.419881146e-01 4.929778721e-01 4.440412558e-01 3.951780687e-01
 3.463877898e-01 2.976695457e-01 2.490222713e-01 2.004447605e-01 1.519349334e-01
 1.034935974e-01 5.513709637e-02 6.828243875e-03-4.172898426e-02-9.095473677e-02
-1.409350788e-01-1.915877802e-01-2.428355548e-01-2.946107002e-01-3.468437686e-01
-3.994629598e-01-4.523948961e-01-5.055646778e-01-5.588957185e-01-6.123096847e-01
-6.657264344e-01-7.190637570e-01-7.722375703e-01-8.251631002e-01-8.777559886e-01
-9.299312836e-01-9.816027355e-01-1.032683530e+00-1.083086339e+00-1.132722673e+00
-1.181504642e+00-1.229347398e+00-1.276163439e+00-1.321858793e+00-1.366344757e+00
-1.409541658e+00-1.451367691e+00-1.491735854e+00-1.530558968e+00-1.567753934e+00
-1.603243126e+00-1.636950632e+00-1.668793771e+00-1.698690027e+00-1.726573813e+00
-1.752375961e+00-1.776023239e+00-1.797451716e+00-1.816591365e+00-1.833382895e+00
-1.847773600e+00-1.859710473e+00-1.869132772e+00-1.875983362e+00-1.880239679e+00
-1.881890059e+00-1.880828545e+00-1.876944291e+00-1.870503967e+00-1.861564219e+00
-1.849110043e+00-1.834013069e+00-1.817777860e+00-1.796735638e+00-1.770836357e+00
-1.747295034e+00-1.719085568e+00-1.686579991e+00-1.652072474e+00-1.615232075e+00
-1.575579336e+00-1.533182680e+00-1.488204927e+00-1.440718334e+00-1.390752337e+00
-1.338355266e+00-1.283589265e+00-1.226523688e+00-1.167237508e+00-1.105812669e+00
-1.042328996e+00-9.768705930e-01-9.095288164e-01-8.403999672e-01-7.695814455e-01
-6.971719616e-01-6.232741193e-01-5.479950591e-01-4.714451769e-01-3.937363870e-01
-3.149807639e-01-2.352900265e-01-1.547800761e-01-7.358674212e-02 8.247481957e-03
 9.105502676e-02 1.750277229e-01 2.600902015e-01 3.461413808e-01 4.331002348e-01
 5.208941419e-01 6.094576363e-01 6.987322380e-01 7.886649690e-01 8.792075323e-01
 9.703154798e-01 1.061948172e+00 1.154068528e+00 1.246642314e+00 1.339637759e+00
 1.433027571e+00 1.526796634e+00 1.620877014e+00 1.175877981e+00 1.126387476e+00
 1.076962085e+00 1.027612564e+00 9.783375097e-01 9.291376039e-01 8.800138119e-01
 8.309669620e-01 7.819978298e-01 7.331071315e-01 6.842954861e-01 6.355633965e-01
 5.869112225e-01 5.383391061e-01 4.898468403e-01 4.414339394e-01 3.930997716e-01
 3.448436827e-01 2.966650634e-01 2.485634375e-01 2.005382221e-01 1.525878103e-01
 1.047134674e-01 5.693081407e-02 9.207454348e-03-3.871812736e-02-8.724674789e-02
-1.364716487e-01-1.863166416e-01-2.367030390e-01-2.875622997e-01-3.388255633e-01
-3.904213880e-01-4.422762323e-01-4.943146811e-01-5.464592820e-01-5.986303482e-01
-6.507465880e-01-7.027265907e-01-7.544887384e-01-8.059500828e-01-8.570262822e-01
-9.076325279e-01-9.576832002e-01-1.007091295e+00-1.055770597e+00-1.103637657e+00
-1.150605711e+00-1.196581629e+00-1.241477178e+00-1.285212867e+00-1.327707585e+00
-1.368875099e+00-1.408628042e+00-1.446882479e+00-1.483558807e+00-1.518581459e+00
-1.551870422e+00-1.583340630e+00-1.612918000e+00-1.640538972e+00-1.666127827e+00
-1.689616647e+00-1.710939065e+00-1.730026278e+00-1.746821894e+00-1.761272662e+00
-1.773324792e+00-1.782916388e+00-1.789992843e+00-1.794532079e+00-1.796522203e+00
-1.795865546e+00-1.792435727e+00-1.786442207e+00-1.778098572e+00-1.766498946e+00
-1.751627676e+00-1.735836857e+00-1.717226030e+00-1.691472918e+00-1.666892037e+00
-1.641210130e+00-1.610113755e+00-1.576122890e+00-1.540243056e+00-1.501829203e+00
-1.460664612e+00-1.416889420e+00-1.370638210e+00-1.321964504e+00-1.270903424e+00
-1.217510872e+00-1.161852536e+00-1.104000115e+00-1.044034004e+00-9.820377968e-01
-9.180935344e-01-8.522868545e-01-7.847098569e-01-7.154595777e-01-6.446350742e-01
-5.723361220e-01-4.986653525e-01-4.237293146e-01-3.476378529e-01-2.705024395e-01
-1.924351678e-01-1.135592099e-01-3.398561260e-02 4.641996769e-02 1.280621135e-01
 2.109607201e-01 2.949973793e-01 3.800757189e-01 4.661136387e-01 5.530355323e-01
 6.407719187e-01 7.292598688e-01 8.184428585e-01 9.082703293e-01 9.986963442e-01
 1.089678920e+00 1.181179307e+00 1.273161799e+00 1.365593295e+00 1.458444653e+00
 1.551699015e+00 1.645283642e+00 1.217611273e+00 1.168497516e+00 1.119453851e+00
 1.070491891e+00 1.021610178e+00 9.728095013e-01 9.240909596e-01 8.754554947e-01
 8.269039685e-01 7.784371447e-01 7.300556494e-01 6.817598406e-01 6.335497479e-01
 5.854252048e-01 5.373859683e-01 4.894318118e-01 4.415625844e-01 3.937782168e-01
 3.460786071e-01 2.984635240e-01 2.509325126e-01 2.034849420e-01 1.561194067e-01
 1.088376310e-01 6.165484442e-02 1.455227123e-02-3.268394587e-02-8.044100840e-02
-1.288322325e-01-1.777959269e-01-2.272518890e-01-2.771295502e-01-3.273595619e-01
-3.778698471e-01-4.285856755e-01-4.794302182e-01-5.303255744e-01-5.811937527e-01
-6.319558019e-01-6.825309813e-01-7.328372590e-01-7.827920895e-01-8.323117754e-01
-8.813111048e-01-9.297058330e-01-9.774140755e-01-1.024350089e+00-1.070421965e+00
-1.115542307e+00-1.159632010e+00-1.202610779e+00-1.244393395e+00-1.284892757e+00
-1.324024478e+00-1.361707513e+00-1.397865644e+00-1.432421169e+00-1.465290095e+00
-1.496390817e+00-1.525657934e+00-1.553021586e+00-1.578406144e+00-1.601747432e+00
-1.622975518e+00-1.642025073e+00-1.658841070e+00-1.673369672e+00-1.685556267e+00
-1.695338281e+00-1.702663598e+00-1.707510256e+00-1.709865595e+00-1.709640243e+00
-1.706699862e+00-1.701190637e+00-1.693417498e+00-1.682702181e+00-1.668429046e+00
-1.652823680e+00-1.635713390e+00-1.612166303e+00-1.585691692e+00-1.561740082e+00
-1.532809023e+00-1.499603330e+00-1.464482859e+00-1.427255593e+00-1.387405270e+00
-1.344920139e+00-1.299949781e+00-1.252600013e+00-1.202915155e+00-1.150937585e+00
-1.096729309e+00-1.040358776e+00-9.818997462e-01-9.214337517e-01-8.590455232e-01
-7.948189634e-01-7.288411583e-01-6.612047667e-01-5.920071742e-01-5.213484084e-01
-4.493291605e-01-3.760522497e-01-3.016236649e-01-2.261515947e-01-1.497490545e-01
-7.254907858e-02 5.419305706e-03 8.454909700e-02 1.650806325e-01 2.469265937e-01
 3.299640076e-01 4.140948636e-01 4.992323698e-01 5.852986385e-01 6.722230000e-01
 7.599403831e-01 8.483908326e-01 9.375198713e-01 1.027278433e+00 1.117622590e+00
 1.208512368e+00 1.299911096e+00 1.391784389e+00 1.484101980e+00 1.576846795e+00
 1.669942073e+00 1.260901401e+00 1.212174296e+00 1.163522376e+00 1.114958133e+00
 1.066480038e+00 1.018088955e+00 9.697860556e-01 9.215723094e-01 8.734485120e-01
 8.254151450e-01 7.774724394e-01 7.296204987e-01 6.818594004e-01 6.341892632e-01
 5.866103086e-01 5.391228138e-01 4.917270162e-01 4.444230052e-01 3.972106383e-01
 3.500897364e-01 3.030602276e-01 2.561223485e-01 2.092764655e-01 1.625222674e-01
 1.158613837e-01 6.930739626e-02 2.285763930e-02-2.364887933e-02-7.057576160e-02
-1.180670967e-01-1.660871854e-01-2.145529031e-01-2.633900055e-01-3.125273387e-01
-3.618918994e-01-4.114096442e-01-4.610058253e-01-5.106040947e-01-5.601261869e-01
-6.094927473e-01-6.586237223e-01-7.074375744e-01-7.558512096e-01-8.037825932e-01
-8.511515827e-01-8.978737500e-01-9.438587418e-01-9.890202746e-01-1.033279892e+00
-1.076558318e+00-1.118771631e+00-1.159833416e+00-1.199659104e+00-1.238166906e+00
-1.275279439e+00-1.310920479e+00-1.345008518e+00-1.377458836e+00-1.408198464e+00
-1.437163328e+00-1.464276887e+00-1.489468682e+00-1.512674004e+00-1.533821461e+00
-1.552849578e+00-1.569703458e+00-1.584328830e+00-1.596670168e+00-1.606664775e+00
-1.614262832e+00-1.619442178e+00-1.622189001e+00-1.622421754e+00-1.620003833e+00
-1.615020291e+00-1.607813949e+00-1.597983208e+00-1.584572450e+00-1.569039287e+00
-1.552721176e+00-1.532260296e+00-1.505254007e+00-1.480656099e+00-1.454431432e+00
-1.422817377e+00-1.388358595e+00-1.352155522e+00-1.313641452e+00-1.272530791e+00
-1.228913746e+00-1.182925960e+00-1.134650293e+00-1.084128586e+00-1.031410498e+00
-9.765627456e-01-9.196560778e-01-8.607659254e-01-7.999746927e-01-7.373679584e-01
-6.730310773e-01-6.070523966e-01-5.395250329e-01-4.705464351e-01-4.002169759e-01
-3.286381623e-01-2.559126446e-01-1.821453617e-01-1.074567046e-01-3.195285815e-02
 4.454719208e-02 1.225182412e-01 2.019838164e-01 2.828059968e-01 3.648713770e-01
 4.480815734e-01 5.323455404e-01 6.175804316e-01 7.037123600e-01 7.906750633e-01
 8.784078931e-01 9.668545956e-01 1.055963140e+00 1.145686140e+00 1.235980828e+00
 1.326808856e+00 1.418134769e+00 1.509927655e+00 1.602170197e+00 1.694781869e+00
 1.305721396e+00 1.257390307e+00 1.209139562e+00 1.160982501e+00 1.112917455e+00
 1.064945257e+00 1.017066905e+00 9.692829737e-01 9.215938647e-01 8.739999073e-01
 8.265014442e-01 7.790988803e-01 7.317927332e-01 6.845835461e-01 6.374718189e-01
 5.904578853e-01 5.435418893e-01 4.967239654e-01 4.500043644e-01 4.033835899e-01
 3.568623488e-01 3.104414606e-01 2.641217161e-01 2.179037758e-01 1.717874652e-01
 1.257733894e-01 7.987268945e-02 3.409606360e-02-1.166543100e-02-5.771959642e-02
-1.042542941e-01-1.512714957e-01-1.986892300e-01-2.464288782e-01-2.944194005e-01
-3.425898969e-01-3.908669698e-01-4.391750875e-01-4.874377830e-01-5.355776850e-01
-5.835156562e-01-6.311710182e-01-6.784641840e-01-7.253169459e-01-7.716465004e-01
-8.173643418e-01-8.623855975e-01-9.066327125e-01-9.500276184e-01-9.924878735e-01
-1.033928161e+00-1.074264094e+00-1.113413811e+00-1.151298780e+00-1.187843416e+00
-1.222968665e+00-1.256590396e+00-1.288628436e+00-1.319017530e+00-1.347687572e+00
-1.374561304e+00-1.399573290e+00-1.422655430e+00-1.443737856e+00-1.462761983e+00
-1.479672428e+00-1.494414631e+00-1.506932015e+00-1.517162353e+00-1.525057847e+00
-1.530595855e+00-1.533761155e+00-1.534479187e+00-1.532615047e+00-1.528201543e+00
-1.521579738e+00-1.512596756e+00-1.500190572e+00-1.484975103e+00-1.469148617e+00
-1.451082470e+00-1.425613639e+00-1.399151060e+00-1.375022790e+00-1.345710623e+00
-1.312237906e+00-1.276898082e+00-1.239638985e+00-1.199956399e+00-1.157770756e+00
-1.113204148e+00-1.066371644e+00-1.017340012e+00-9.661527437e-01-9.128661398e-01
-8.575504461e-01-8.002783547e-01-7.411267369e-01-6.801786001e-01-6.175200347e-01
-5.532375066e-01-4.874203661e-01-4.201621210e-01-3.515601881e-01-2.817148707e-01
-2.107271449e-01-1.387031614e-01-6.577172655e-02 8.071394050e-03 8.331116155e-02
 1.602047862e-01 2.386421616e-01 3.184815484e-01 3.996106281e-01 4.819291237e-01
 5.653456141e-01 6.497755742e-01 7.351413836e-01 8.213726125e-01 9.084064435e-01
 9.961861355e-01 1.084659313e+00 1.173777084e+00 1.263494104e+00 1.353768959e+00
 1.444563652e+00 1.535845868e+00 1.627597999e+00 1.719736414e+00 1.352043992e+00
 1.304117557e+00 1.256276531e+00 1.208534941e+00 1.160890614e+00 1.113343921e+00
 1.065895540e+00 1.018545997e+00 9.712958468e-01 9.241457341e-01 8.770964045e-01
 8.301486059e-01 7.833030397e-01 7.365602269e-01 6.899205416e-01 6.433843674e-01
 5.969522112e-01 5.506248204e-01 5.044031288e-01 4.582881754e-01 4.122809320e-01
 3.663823175e-01 3.205931380e-01 2.749140282e-01 2.293452988e-01 1.838866345e-01
 1.385382730e-01 9.330993119e-02 4.821735504e-02 3.199223295e-03-4.194608488e-02
-8.747807748e-02-1.334372862e-01-1.797571463e-01-2.263567926e-01-2.731626025e-01
-3.201023881e-01-3.671032463e-01-4.140907481e-01-4.609883287e-01-5.077179687e-01
-5.542027304e-01-6.003665373e-01-6.461284996e-01-6.914022724e-01-7.361046896e-01
-7.801593622e-01-8.234895981e-01-8.660146231e-01-9.076505896e-01-9.483136615e-01
-9.879223412e-01-1.026397388e+00-1.063663258e+00-1.099642952e+00-1.134254556e+00
-1.167414523e+00-1.199051064e+00-1.229099756e+00-1.257483961e+00-1.284130986e+00
-1.308976876e+00-1.331950431e+00-1.352985092e+00-1.372023810e+00-1.389010643e+00
-1.403890778e+00-1.416606532e+00-1.427096667e+00-1.435315064e+00-1.441238373e+00
-1.444849789e+00-1.446080717e+00-1.444800478e+00-1.441001694e+00-1.434997598e+00
-1.426817018e+00-1.415477508e+00-1.400922111e+00-1.385392690e+00-1.368714918e+00
-1.346342236e+00-1.318893241e+00-1.294595070e+00-1.268103130e+00-1.236366913e+00
-1.201865480e+00-1.165713276e+00-1.127448436e+00-1.086757022e+00-1.043680060e+00
-9.983389642e-01-9.508293458e-01-9.012078723e-01-8.495219356e-01-7.958335612e-01
-7.402157134e-01-6.827426364e-01-6.234923907e-01-5.625483639e-01-4.999968587e-01
-4.359251013e-01-3.704232553e-01-3.035852865e-01-2.355079908e-01-1.662910966e-01
-9.605309596e-02-2.488215685e-02 4.749682706e-02 1.216200798e-01 1.974879776e-01
 2.749372536e-01 3.538362050e-01 4.340703498e-01 5.155349476e-01 5.981356199e-01
 6.817873314e-01 7.664122666e-01 8.519381269e-01 9.382984929e-01 1.025433242e+00
 1.113288697e+00 1.201815984e+00 1.290969646e+00 1.380706967e+00 1.470987670e+00
 1.561776771e+00 1.653054907e+00 1.744734911e+00 1.399841048e+00 1.352326510e+00
 1.304901628e+00 1.257580708e+00 1.210361190e+00 1.163243453e+00 1.116228366e+00
 1.069316776e+00 1.022509595e+00 9.758077290e-01 9.292120300e-01 8.827231640e-01
 8.363416902e-01 7.900681903e-01 7.439033748e-01 6.978481820e-01 6.519037189e-01
 6.060711920e-01 5.603517424e-01 5.147464689e-01 4.692563791e-01 4.238822754e-01
 3.786246264e-01 3.334836356e-01 2.884597691e-01 2.435539476e-01 1.987672927e-01
 1.541013706e-01 1.095643372e-01 6.517401087e-02 2.091550497e-02-2.333340965e-02
-6.784462534e-02-1.127068901e-01-1.578902793e-01-2.033150878e-01-2.489039952e-01
-2.945845000e-01-3.402832193e-01-3.859253940e-01-4.314369395e-01-4.767440576e-01
-5.217680313e-01-5.664249556e-01-6.106336592e-01-6.543191679e-01-6.974063752e-01
-7.398163608e-01-7.814670729e-01-8.222756265e-01-8.621611681e-01-9.010443709e-01
-9.388494214e-01-9.755008944e-01-1.010919342e+00-1.045021479e+00-1.077728921e+00
-1.108976609e+00-1.138694575e+00-1.166804796e+00-1.193240111e+00-1.217934484e+00
-1.240816011e+00-1.261821647e+00-1.280894704e+00-1.297978869e+00-1.313019037e+00
-1.325956520e+00-1.336731395e+00-1.345298887e+00-1.351634748e+00-1.355720485e+00
-1.357492462e+00-1.356825782e+00-1.353683937e+00-1.348336149e+00-1.340930739e+00
-1.330682416e+00-1.317056133e+00-1.301777633e+00-1.285880115e+00-1.266642598e+00
-1.240086124e+00-1.214147378e+00-1.190048733e+00-1.160697015e+00-1.127380392e+00
-1.092219679e+00-1.055284625e+00-1.016116624e+00-9.745906711e-01-9.307996746e-01
-8.848520303e-01-8.368272412e-01-7.867770937e-01-7.347538880e-01-6.808242910e-01
-6.250632945e-01-5.675464052e-01-5.083525980e-01-4.475654355e-01-3.852711977e-01
-3.215576821e-01-2.565155851e-01-1.902379745e-01-1.228280521e-01-5.441079325e-02
 1.508616579e-02 8.626907258e-02 1.593735703e-01 2.342581302e-01 3.107650392e-01
 3.887661960e-01 4.681450408e-01 5.487947166e-01 6.306175687e-01 7.135251582e-01
 7.974377642e-01 8.822832306e-01 9.679947568e-01 1.054510218e+00 1.141772541e+00
 1.229730237e+00 1.318337233e+00 1.407551181e+00 1.497331824e+00 1.587643077e+00
 1.678464090e+00 1.769703146e+00 1.449080857e+00 1.401982028e+00 1.354976315e+00
 1.308078625e+00 1.261286481e+00 1.214600558e+00 1.168022038e+00 1.121551951e+00
 1.075191256e+00 1.028940731e+00 9.828010839e-01 9.367730538e-01 8.908575126e-01
 8.450555466e-01 7.993683953e-01 7.537973912e-01 7.083438054e-01 6.630088696e-01
 6.177937462e-01 5.726994130e-01 5.277265247e-01 4.828752946e-01 4.381459892e-01
 3.935391876e-01 3.490559415e-01 3.046979815e-01 2.604679622e-01 2.163691684e-01
 1.724048087e-01 1.285806719e-01 8.491132237e-02 4.140635674e-02-1.997760259e-03
-4.548147496e-02-8.922426395e-02-1.332388840e-01-1.774616969e-01-2.218107418e-01
-2.662107414e-01-3.105903428e-01-3.548785519e-01-3.989993391e-01-4.428714885e-01
-4.864160547e-01-5.295597043e-01-5.722291080e-01-6.143473840e-01-6.558345545e-01
-6.966091266e-01-7.365910904e-01-7.757016814e-01-8.138648296e-01-8.510062813e-01
-8.870488116e-01-9.219111875e-01-9.555116797e-01-9.877797976e-01-1.018651010e+00
-1.048049242e+00-1.075900217e+00-1.102139774e+00-1.126698553e+00-1.149506421e+00
-1.170503004e+00-1.189631293e+00-1.206834809e+00-1.222058088e+00-1.235241644e+00
-1.246327039e+00-1.255270512e+00-1.262046767e+00-1.266635541e+00-1.268977288e+00
-1.268953815e+00-1.266508267e+00-1.261858279e+00-1.255222259e+00-1.246054623e+00
-1.233535024e+00-1.218727453e+00-1.203417640e+00-1.186359997e+00-1.162462257e+00
-1.135329200e+00-1.111584236e+00-1.085107344e+00-1.053633925e+00-1.019505639e+00
-9.837797224e-01-9.461063977e-01-9.061759204e-01-8.639903615e-01-8.196541868e-01
-7.732604343e-01-7.248763510e-01-6.745528369e-01-6.223471882e-01-5.683297036e-01
-5.125768380e-01-4.551650980e-01-3.961741334e-01-3.356875771e-01-2.737915937e-01
-2.105733599e-01-1.461244616e-01-8.056291812e-02-1.394141057e-02 5.416695526e-02
 1.243181951e-01 1.964624290e-01 2.704143621e-01 3.460289823e-01 4.231778420e-01
 5.017425624e-01 5.816149851e-01 6.626963443e-01 7.448961135e-01 8.281313912e-01
 9.123272263e-01 9.974159324e-01 1.083335800e+00 1.170029130e+00 1.257442313e+00
 1.345526175e+00 1.434236469e+00 1.523532829e+00 1.613379827e+00 1.703757306e+00
 1.794570090e+00 1.499724857e+00 1.453043595e+00 1.406459022e+00 1.359986846e+00
 1.313624715e+00 1.267373414e+00 1.221234125e+00 1.175207720e+00 1.129295020e+00
 1.083496890e+00 1.037814328e+00 9.922485337e-01 9.468008473e-01 9.014726949e-01
 8.562654455e-01 8.111804282e-01 7.662189212e-01 7.213820510e-01 6.766706472e-01
 6.320850063e-01 5.876252919e-01 5.432918635e-01 4.990854290e-01 4.550071834e-01
 4.110589959e-01 3.672436015e-01 3.235642994e-01 2.800243097e-01 2.366263988e-01
 1.933734068e-01 1.502705924e-01 1.073310331e-01 6.457434811e-02 2.198650785e-02
-2.051709335e-02-6.315026823e-02-1.059776690e-01-1.489737888e-01-1.920678656e-01
-2.351820149e-01-2.782407970e-01-3.211658124e-01-3.638808506e-01-4.063146344e-01
-4.483957801e-01-4.900495960e-01-5.311984016e-01-5.717624904e-01-6.116629419e-01
-6.508220670e-01-6.891638627e-01-7.266148764e-01-7.630999281e-01-7.985402028e-01
-8.328540631e-01-8.659652235e-01-8.978089848e-01-9.283159120e-01-9.574081071e-01
-9.850167536e-01-1.011077280e+00-1.035518146e+00-1.058272278e+00-1.079280849e+00
-1.098486356e+00-1.115832249e+00-1.131262632e+00-1.144717499e+00-1.156139938e+00
-1.165486903e+00-1.172731920e+00-1.177852912e+00-1.180793671e+00-1.181443139e+00
-1.179730971e+00-1.175822513e+00-1.169967511e+00-1.161847316e+00-1.150537432e+00
-1.136480814e+00-1.121642708e+00-1.105856122e+00-1.085363331e+00-1.058548118e+00
-1.033527479e+00-1.009661688e+00-9.806092957e-01-9.478498824e-01-9.132636117e-01
-8.770052736e-01-8.386816014e-01-7.981476488e-01-7.554708982e-01-7.107494277e-01
-6.640621627e-01-6.154680408e-01-5.650196314e-01-5.127787783e-01-4.588185710e-01
-4.032165038e-01-3.460499067e-01-2.873990195e-01-2.273469683e-01-1.659780786e-01
-1.033927450e-01-3.970029426e-02 2.530231292e-02 9.233379498e-02 1.615563175e-01
 2.327896324e-01 3.058642696e-01 3.806387997e-01 4.569830326e-01 5.347774893e-01
 6.139129037e-01 6.942893298e-01 7.758153460e-01 8.584071070e-01 9.419872961e-01
 1.026485323e+00 1.111837378e+00 1.197985713e+00 1.284877110e+00 1.372461552e+00
 1.460692580e+00 1.549527060e+00 1.638928370e+00 1.728877245e+00 1.819276812e+00
 1.551732770e+00 1.505470909e+00 1.459309555e+00 1.413265047e+00 1.367334853e+00
 1.321519568e+00 1.275820259e+00 1.230237892e+00 1.184773561e+00 1.139428552e+00
 1.094204276e+00 1.049102230e+00 1.004123855e+00 9.592705491e-01 9.145436755e-01
 8.699444817e-01 8.254739466e-01 7.811325070e-01 7.369202817e-01 6.928374770e-01
 6.488845497e-01 6.050623182e-01 5.613721030e-01 5.178159383e-01 4.743964886e-01
 4.311165047e-01 3.879781648e-01 3.449835833e-01 3.021357095e-01 2.594390776e-01
 2.168996296e-01 1.745245744e-01 1.323251187e-01 9.032136847e-02 4.852672166e-02
 6.906544732e-03-3.464105139e-02-7.629122195e-02-1.180580532e-01-1.598924437e-01
-2.017132944e-01-2.434399835e-01-2.850018180e-01-3.263293697e-01-3.673505295e-01
-4.079902921e-01-4.481711061e-01-4.878154194e-01-5.268469536e-01-5.651902665e-01
-6.027725023e-01-6.395203966e-01-6.753574415e-01-7.102039674e-01-7.439805502e-01
-7.766181492e-01-8.080524337e-01-8.382084632e-01-8.670112210e-01-8.943958018e-01
-9.202951125e-01-9.446376230e-01-9.673593478e-01-9.884020428e-01-1.007707828e+00
-1.025220112e+00-1.040882486e+00-1.054634755e+00-1.066421459e+00-1.076200016e+00
-1.083942658e+00-1.089625469e+00-1.093194954e+00-1.094547217e+00-1.093603669e+00
-1.090481425e+00-1.085433883e+00-1.078325501e+00-1.068272179e+00-1.055213158e+00
-1.040853154e+00-1.025894035e+00-1.008331391e+00-9.836424851e-01-9.574253079e-01
-9.344150425e-01-9.082423906e-01-8.774003678e-01-8.440422023e-01-8.091110108e-01
-7.723618172e-01-7.335101404e-01-6.925349171e-01-6.495264332e-01-6.045703541e-01
-5.577339858e-01-5.090716580e-01-4.586389657e-01-4.065016288e-01-3.527349110e-01
-2.974171721e-01-2.406263559e-01-1.824414560e-01-1.229482419e-01-6.226573757e-02
-3.658025727e-04 6.341013097e-02 1.295354022e-01 1.978886846e-01 2.682704207e-01
 3.405249399e-01 4.145117698e-01 4.901001458e-01 5.671697181e-01 6.456102932e-01
 7.253209114e-01 8.062090516e-01 8.881899599e-01 9.711858666e-01 1.055125019e+00
 1.139941098e+00 1.225573822e+00 1.311968667e+00 1.399076097e+00 1.486849840e+00
 1.575245738e+00 1.664224957e+00 1.753766348e+00 1.843770455e+00 1.605065963e+00
 1.559225076e+00 1.513488220e+00 1.467872104e+00 1.422373964e+00 1.376994482e+00
 1.331734986e+00 1.286596830e+00 1.241581473e+00 1.196690458e+00 1.151925280e+00
 1.107287384e+00 1.062778194e+00 1.018399049e+00 9.741510523e-01 9.300348110e-01
 8.860504507e-01 8.421980767e-01 7.984779634e-01 7.548906593e-01 7.114370794e-01
 6.681186738e-01 6.249375506e-01 5.818960894e-01 5.389962174e-01 4.962392523e-01
 4.536266943e-01 4.111610759e-01 3.688464591e-01 3.266883789e-01 2.846934227e-01
 2.428690323e-01 2.012237093e-01 1.597688008e-01 1.185215129e-01 7.750557331e-02
 3.672378889e-02-3.864308445e-03-4.438173845e-02-8.493056587e-02-1.254947881e-01
-1.660206740e-01-2.064344817e-01-2.466608890e-01-2.866263622e-01-3.262556584e-01
-3.654731496e-01-4.042043949e-01-4.423750791e-01-4.799129574e-01-5.167465145e-01
-5.528014335e-01-5.880004744e-01-6.222642844e-01-6.555189574e-01-6.877004045e-01
-7.187400761e-01-7.485610134e-01-7.770932081e-01-8.042728309e-01-8.300301851e-01
-8.542956143e-01-8.770074901e-01-8.981075334e-01-9.175377078e-01-9.352413460e-01
-9.511614774e-01-9.652380421e-01-9.774169072e-01-9.876557113e-01-9.959253105e-01
-1.002199933e+00-1.006428272e+00-1.008513349e+00-1.008372243e+00-1.006080573e+00
-1.001877478e+00-9.957572291e-01-9.869716123e-01-9.751021115e-01-9.614093207e-01
-9.471858547e-01-9.315677769e-01-9.101374567e-01-8.838540158e-01-8.600304868e-01
-8.366046146e-01-8.081823670e-01-7.763528591e-01-7.427222776e-01-7.074837951e-01
-6.703172741e-01-6.310789891e-01-5.898194827e-01-5.466284545e-01-5.015789137e-01
-4.547292239e-01-4.061322458e-01-3.558471336e-01-3.039428791e-01-2.504966021e-01
-1.955864860e-01-1.392900396e-01-8.171006424e-02-2.291323751e-02 3.752165016e-02
 1.003766031e-01 1.656873255e-01 2.332309873e-01 3.028269989e-01 3.743215045e-01
 4.475738837e-01 5.224552161e-01 5.988457187e-01 6.766344787e-01 7.557195907e-01
 8.360076235e-01 9.174128132e-01 9.998564445e-01 1.083266284e+00 1.167575763e+00
 1.252722998e+00 1.338651018e+00 1.425308201e+00 1.512647778e+00 1.600626262e+00
 1.689204790e+00 1.778361427e+00 1.867992984e+00 1.659686069e+00 1.614266257e+00
 1.568953514e+00 1.523765112e+00 1.478698416e+00 1.433754453e+00 1.388934881e+00
 1.344241278e+00 1.299675170e+00 1.255238035e+00 1.210931333e+00 1.166756471e+00
 1.122714653e+00 1.078806662e+00 1.035032678e+00 9.913927474e-01 9.478870149e-01
 9.045158301e-01 8.612798117e-01 8.181799684e-01 7.752178881e-01 7.323955719e-01
 6.897148515e-01 6.471767427e-01 6.047819066e-01 5.625314138e-01 5.204274985e-01
 4.784737207e-01 4.366747715e-01 3.950361795e-01 3.535644655e-01 3.122675382e-01
 2.711550244e-01 2.302379320e-01 1.895278458e-01 1.490374032e-01 1.087852255e-01
 6.879489772e-02 2.906916233e-02-1.041906003e-02-4.979691847e-02-8.912604612e-02
-1.283813632e-01-1.675051351e-01-2.064189780e-01-2.450442246e-01-2.833071817e-01
-3.211349618e-01-3.584562604e-01-3.952013248e-01-4.312981052e-01-4.666717139e-01
-5.012447604e-01-5.349405656e-01-5.676917300e-01-5.994344749e-01-6.300954946e-01
-6.595999241e-01-6.878820460e-01-7.148767153e-01-7.405130414e-01-7.647241121e-01
-7.874497633e-01-8.086314469e-01-8.282110974e-01-8.461319392e-01-8.623364362e-01
-8.767649619e-01-8.893645089e-01-9.000927481e-01-9.089190809e-01-9.158158838e-01
-9.207335740e-01-9.235817030e-01-9.242759077e-01-9.228573933e-01-9.195400347e-01
-9.144007858e-01-9.068713157e-01-8.963197197e-01-8.835092513e-01-8.699723126e-01
-8.555540117e-01-8.374161026e-01-8.127286644e-01-7.878915570e-01-7.657642626e-01
-7.401840535e-01-7.103196299e-01-6.781023059e-01-6.443194674e-01-6.088119580e-01
-5.713334655e-01-5.318553286e-01-4.904588406e-01-4.472237378e-01-4.022119819e-01
-3.554756596e-01-3.070686235e-01-2.570536528e-01-2.055022429e-01-1.524912022e-01
-9.811081163e-02-4.247228763e-02 1.462289298e-02 7.405881840e-02 1.361523698e-01
 2.007061406e-01 2.675076493e-01 3.363850013e-01 4.071822366e-01 4.797574925e-01
 5.539823699e-01 6.297394903e-01 7.069193185e-01 7.854195734e-01 8.651458553e-01
 9.460115534e-01 1.027937054e+00 1.110849169e+00 1.194680680e+00 1.279369683e+00
 1.364858730e+00 1.451094270e+00 1.538027287e+00 1.625612729e+00 1.713811950e+00
 1.802604084e+00 1.891883831e+00 1.715552954e+00 1.670553155e+00 1.625663562e+00
 1.580902214e+00 1.536266662e+00 1.491758120e+00 1.447378303e+00 1.403128714e+00
 1.359010829e+00 1.315026098e+00 1.271175807e+00 1.227460895e+00 1.183881646e+00
 1.140438084e+00 1.097130259e+00 1.053958375e+00 1.010922838e+00 9.680243332e-01
 9.252639855e-01 8.826434171e-01 8.401643330e-01 7.978277743e-01 7.556339854e-01
 7.135831354e-01 6.716760277e-01 6.299146038e-01 5.883019217e-01 5.468418788e-01
 5.055390952e-01 4.643991264e-01 4.234288518e-01 3.826367742e-01 3.420327669e-01
 3.016269171e-01 2.614283857e-01 2.214466877e-01 1.816958622e-01 1.421967604e-01
 1.029775556e-01 6.405990589e-02 2.544246258e-02-1.289153799e-02-5.105299270e-02
-8.907725490e-02-1.269293885e-01-1.645516904e-01-2.018690494e-01-2.388058725e-01
-2.752925819e-01-3.112590057e-01-3.466324489e-01-3.813382330e-01-4.152998584e-01
-4.484460343e-01-4.807136014e-01-5.120352794e-01-5.423357500e-01-5.715445345e-01
-5.995980512e-01-6.264289593e-01-6.519668955e-01-6.761476124e-01-6.989116631e-01
-7.202002684e-01-7.399553885e-01-7.581200922e-01-7.746363739e-01-7.894452163e-01
-8.024945440e-01-8.137418800e-01-8.231551264e-01-8.307048087e-01-8.363426848e-01
-8.399843325e-01-8.415460507e-01-8.410410248e-01-8.386518380e-01-8.345021549e-01
-8.282040040e-01-8.190415188e-01-8.073161630e-01-7.945039100e-01-7.810175544e-01
-7.655120467e-01-7.437245119e-01-7.186815344e-01-6.962570935e-01-6.734832794e-01
-6.460078257e-01-6.154502920e-01-5.831323146e-01-5.492397341e-01-5.135244877e-01
-4.758568711e-01-4.362815578e-01-3.948842597e-01-3.517326422e-01-3.068796738e-01
-2.603739271e-01-2.122716926e-01-1.626375322e-01-1.115485361e-01-5.912342789e-02
-5.334281091e-03 5.056228295e-02 1.092611267e-01 1.706632028e-01 2.345240796e-01
 3.006521238e-01 3.688760293e-01 4.390383660e-01 5.109961265e-01 5.846197979e-01
 6.597921112e-01 7.364059934e-01 8.143614718e-01 8.935642822e-01 9.739268852e-01
 1.055368830e+00 1.137816128e+00 1.221200660e+00 1.305459746e+00 1.390535716e+00
 1.476375231e+00 1.562928292e+00 1.650147801e+00 1.737993195e+00 1.826443096e+00
 1.915391093e+00 1.772626419e+00 1.728045695e+00 1.683578600e+00 1.639243840e+00
 1.595038897e+00 1.550964886e+00 1.507023468e+00 1.463216120e+00 1.419544187e+00
 1.376008732e+00 1.332610184e+00 1.289348575e+00 1.246223894e+00 1.203236231e+00
 1.160385843e+00 1.117673179e+00 1.075099000e+00 1.032664546e+00 9.903713126e-01
 9.482204589e-01 9.062121871e-01 8.643461748e-01 8.226222512e-01 7.810410429e-01
 7.396041890e-01 6.983142316e-01 6.571743302e-01 6.161883234e-01 5.753609562e-01
 5.346982274e-01 4.942075758e-01 4.538974789e-01 4.137764017e-01 3.738518331e-01
 3.341314530e-01 2.946263244e-01 2.553516639e-01 2.163236134e-01 1.775579201e-01
 1.390748167e-01 1.009069871e-01 6.308341142e-02 2.561345563e-02-1.150459508e-02
-4.836329011e-02-8.499444330e-02-1.213614656e-01-1.574125706e-01-1.930780516e-01
-2.282806832e-01-2.629465149e-01-2.970005324e-01-3.303689905e-01-3.629865469e-01
-3.947905572e-01-4.257097974e-01-4.556703850e-01-4.846061192e-01-5.124533329e-01
-5.391430449e-01-5.646067541e-01-5.887822442e-01-6.116102970e-01-6.330320433e-01
-6.529894742e-01-6.714254679e-01-6.882816900e-01-7.034998450e-01-7.170285718e-01
-7.288251074e-01-7.388558147e-01-7.470893893e-01-7.534785772e-01-7.579444513e-01
-7.604053754e-01-7.608523122e-01-7.594344140e-01-7.562956580e-01-7.512041171e-01
-7.434609973e-01-7.330086655e-01-7.210814830e-01-7.085184098e-01-6.947552490e-01
-6.762950479e-01-6.523922546e-01-6.292691758e-01-6.081573546e-01-5.834515776e-01
-5.548846712e-01-5.241461939e-01-4.918430049e-01-4.578750838e-01-4.220398477e-01
-3.843124623e-01-3.447732357e-01-3.034994970e-01-2.605478412e-01-2.159640062e-01
-1.697944837e-01-1.220975207e-01-7.296952629e-02-2.248219108e-02 2.984872995e-02
 8.499951721e-02 1.430828728e-01 2.038490566e-01 2.670850425e-01 3.326060994e-01
 4.002396234e-01 4.698276731e-01 5.412265524e-01 6.143056182e-01 6.889463446e-01
 7.650413730e-01 8.424928681e-01 9.212096979e-01 1.001105134e+00 1.082097975e+00
 1.164113352e+00 1.247082414e+00 1.330941681e+00 1.415632644e+00 1.501101488e+00
 1.587298457e+00 1.674176466e+00 1.761693545e+00 1.849826658e+00 1.938466579e+00
 1.830868409e+00 1.786705991e+00 1.742660548e+00 1.698751203e+00 1.654975243e+00
 1.611333748e+00 1.567828289e+00 1.524460026e+00 1.481229548e+00 1.438136926e+00
 1.395182113e+00 1.352365120e+00 1.309686087e+00 1.267145296e+00 1.224743246e+00
 1.182480807e+00 1.140359221e+00 1.098379689e+00 1.056542615e+00 1.014847505e+00
 9.732936298e-01 9.318806152e-01 8.906089319e-01 8.494799127e-01 8.084955735e-01
 7.676584147e-01 7.269716080e-01 6.864392039e-01 6.460664141e-01 6.058597210e-01
 5.658263646e-01 5.259733635e-01 4.863065830e-01 4.468316520e-01 4.075570836e-01
 3.684951843e-01 3.296589829e-01 2.910601866e-01 2.527125730e-01 2.146362361e-01
 1.768571507e-01 1.394061739e-01 1.023232394e-01 6.564125632e-02 2.937209487e-02
-6.478272329e-03-4.197913888e-02-7.717211874e-02-1.120157849e-01-1.464588293e-01
-1.804303874e-01-2.138499208e-01-2.466467047e-01-2.787586038e-01-3.101197240e-01
-3.406570120e-01-3.703005552e-01-3.989869616e-01-4.266511445e-01-4.532237338e-01
-4.786386546e-01-5.028350249e-01-5.257536245e-01-5.473356067e-01-5.675229705e-01
-5.862584034e-01-6.034834008e-01-6.191404406e-01-6.331786611e-01-6.455548942e-01
-6.562339439e-01-6.651826927e-01-6.723545935e-01-6.776756204e-01-6.810670811e-01
-6.825029731e-01-6.820995242e-01-6.800030150e-01-6.761036645e-01-6.697869171e-01
-6.607484428e-01-6.498694559e-01-6.382237091e-01-6.256680680e-01-6.102285520e-01
-5.887960391e-01-5.655296932e-01-5.446391956e-01-5.227349300e-01-4.965039749e-01
-4.675270111e-01-4.368471757e-01-4.046036570e-01-3.706103830e-01-3.347595536e-01
-2.970991256e-01-2.577175923e-01-2.166800048e-01-1.740327071e-01-1.298126171e-01
-8.408134149e-02-3.694467007e-02 1.184568476e-02 6.333834590e-02 1.179484179e-01
 1.754696018e-01 2.356660944e-01 2.983435224e-01 3.633197456e-01 4.304233437e-01
 4.994956694e-01 5.703922736e-01 6.429817499e-01 7.171444845e-01 7.927718227e-01
 8.697652811e-01 9.480352913e-01 1.027498747e+00 1.108076113e+00 1.189692102e+00
 1.272276928e+00 1.355766410e+00 1.440101335e+00 1.525227077e+00 1.611093230e+00
 1.697652635e+00 1.784863859e+00 1.872703655e+00 1.961059926e+00 1.890242487e+00
 1.846496942e+00 1.802871320e+00 1.759385174e+00 1.716035618e+00 1.672823464e+00
 1.629749648e+00 1.586814317e+00 1.544017405e+00 1.501358865e+00 1.458838750e+00
 1.416457225e+00 1.374214598e+00 1.332111436e+00 1.290148703e+00 1.248327507e+00
 1.206648510e+00 1.165111345e+00 1.123715021e+00 1.082458530e+00 1.041341390e+00
 1.000363900e+00 9.595270736e-01 9.188324135e-01 8.782818525e-01 8.378779915e-01
 7.976242790e-01 7.575252234e-01 7.175864337e-01 6.778140343e-01 6.382137486e-01
 5.987900056e-01 5.595466169e-01 5.204898423e-01 4.816292541e-01 4.429749108e-01
 4.045353917e-01 3.663210973e-01 3.283483865e-01 2.906391624e-01 2.532183697e-01
 2.161141308e-01 1.793568905e-01 1.429777178e-01 1.070126205e-01 7.149249050e-02
 3.643191101e-02 1.848744728e-03-3.227824703e-02-6.600521101e-02-9.928943956e-02
-1.320802430e-01-1.643218649e-01-1.959487345e-01-2.268878077e-01-2.570663753e-01
-2.864179619e-01-3.148798002e-01-3.423853796e-01-3.688663755e-01-3.942590220e-01
-4.185032258e-01-4.415397648e-01-4.633098651e-01-4.837554989e-01-5.028191824e-01
-5.204424017e-01-5.365684041e-01-5.511466350e-01-5.641334132e-01-5.754919833e-01
-5.851874392e-01-5.931736910e-01-5.993810194e-01-6.037341587e-01-6.061947263e-01
-6.068484336e-01-6.058325973e-01-6.031223460e-01-5.982234650e-01-5.906859417e-01
-5.810122563e-01-5.703401061e-01-5.588685571e-01-5.457748591e-01-5.275017507e-01
-5.050964341e-01-4.839121020e-01-4.639411412e-01-4.403800888e-01-4.134007983e-01
-3.844413943e-01-3.539212759e-01-3.217662762e-01-2.878181548e-01-2.520625531e-01
-2.145874444e-01-1.754733769e-01-1.347701501e-01-9.251712675e-02-4.879513397e-02
-3.515743625e-03 4.422922449e-02 9.522809504e-02 1.493681381e-01 2.063867998e-01
 2.660813985e-01 3.282634096e-01 3.927533833e-01 4.593831987e-01 5.279953975e-01
 5.984441417e-01 6.705969053e-01 7.443332813e-01 8.195435763e-01 8.961280267e-01
 9.739961246e-01 1.053065690e+00 1.133260823e+00 1.214508859e+00 1.296740086e+00
 1.379889396e+00 1.463896845e+00 1.548707179e+00 1.634269277e+00 1.720535218e+00
 1.807463243e+00 1.895030830e+00 1.983124840e+00 1.950712237e+00 1.907381167e+00
 1.864172684e+00 1.821106550e+00 1.778179260e+00 1.735390629e+00 1.692740793e+00
 1.650229669e+00 1.607857235e+00 1.565623571e+00 1.523528851e+00 1.481573423e+00
 1.439757956e+00 1.398083397e+00 1.356550560e+00 1.315159392e+00 1.273908895e+00
 1.232797729e+00 1.191824730e+00 1.150989340e+00 1.110291675e+00 1.069732413e+00
 1.029312575e+00 9.890336191e-01 9.488976536e-01 9.089075972e-01 8.690673298e-01
 8.293816586e-01 7.898557032e-01 7.504940263e-01 7.112997659e-01 6.722751085e-01
 6.334243513e-01 5.947547158e-01 5.562737116e-01 5.179871947e-01 4.799023748e-01
 4.420321045e-01 4.043951294e-01 3.670134069e-01 3.299115710e-01 2.931162202e-01
 2.566534068e-01 2.205475774e-01 1.848231535e-01 1.495073570e-01 1.146368962e-01
 8.025317640e-02 4.638946905e-02 1.307836032e-02-1.966083431e-02-5.189229560e-02
-8.360440662e-02-1.147511060e-01-1.452786947e-01-1.751192408e-01-2.042034576e-01
-2.324660144e-01-2.598392877e-01-2.862560400e-01-3.116540849e-01-3.359738984e-01
-3.591565148e-01-3.811432658e-01-4.018760905e-01-4.212973880e-01-4.393487929e-01
-4.559742689e-01-4.711233878e-01-4.847518663e-01-4.968213933e-01-5.072953063e-01
-5.161277452e-01-5.232527624e-01-5.285986973e-01-5.321186234e-01-5.338710470e-01
-5.339777197e-01-5.324646552e-01-5.289664484e-01-5.229750470e-01-5.146715286e-01
-5.051088657e-01-4.947665939e-01-4.832941219e-01-4.681419169e-01-4.478041148e-01
-4.266860649e-01-4.074213685e-01-3.866036809e-01-3.618914754e-01-3.347680879e-01
-3.060157532e-01-2.756966579e-01-2.436690158e-01-2.098515578e-01-1.743019526e-01
-1.371195359e-01-9.836828028e-02-5.811744386e-02-1.636135665e-02 2.758982150e-02
 7.485162622e-02 1.254961460e-01 1.792256597e-01 2.358127617e-01 2.950701354e-01
 3.568164657e-01 4.208765110e-01 4.870852555e-01 5.552881247e-01 6.253400869e-01
 6.971067334e-01 7.704661822e-01 8.453078997e-01 9.215311335e-01 9.990441461e-01
 1.077763625e+00 1.157613993e+00 1.238525801e+00 1.320432849e+00 1.403270745e+00
 1.486978750e+00 1.571500811e+00 1.656785221e+00 1.742783424e+00 1.829452959e+00
 1.916771061e+00 2.004623312e+00 2.012241151e+00 1.969321333e+00 1.926526023e+00
 1.883874438e+00 1.841362058e+00 1.798988342e+00 1.756753406e+00 1.714657270e+00
 1.672700008e+00 1.630881815e+00 1.589203105e+00 1.547664620e+00 1.506267170e+00
 1.465011047e+00 1.423895485e+00 1.382919042e+00 1.342080151e+00 1.301377570e+00
 1.260810657e+00 1.220379341e+00 1.180083951e+00 1.139925081e+00 1.099903793e+00
 1.060021770e+00 1.020281455e+00 9.806861653e-01 9.412399708e-01 9.019470859e-01
 8.628110321e-01 8.238337806e-01 7.850160677e-01 7.463604787e-01 7.078721972e-01
 6.695565332e-01 6.314170243e-01 5.934581421e-01 5.556896030e-01 5.181272451e-01
 4.807901306e-01 4.436997439e-01 4.068796722e-01 3.703535869e-01 3.341427767e-01
 2.982663037e-01 2.627438484e-01 2.275988479e-01 1.928613918e-01 1.585688004e-01
 1.247685153e-01 9.151605105e-02 5.885627699e-02 2.681689615e-02-4.570161107e-03
-3.533462027e-02-6.549836762e-02-9.501443683e-02-1.238406692e-01-1.519212569e-01
-1.791864301e-01-2.055659596e-01-2.309978662e-01-2.554225497e-01-2.787805904e-01
-3.010133000e-01-3.220627733e-01-3.418715054e-01-3.603814359e-01-3.775371791e-01
-3.932883053e-01-4.075898572e-01-4.204019736e-01-4.316862607e-01-4.413968926e-01
-4.494711996e-01-4.558411474e-01-4.604543084e-01-4.633453092e-01-4.646164896e-01
-4.643198885e-01-4.622076172e-01-4.577829239e-01-4.509912461e-01-4.426639855e-01
-4.334722835e-01-4.232872321e-01-4.108490662e-01-3.933741685e-01-3.730647931e-01
-3.539684769e-01-3.352628632e-01-3.130996703e-01-2.879659399e-01-2.610460090e-01
-2.325794698e-01-2.024814435e-01-1.706344211e-01-1.370404947e-01-1.018011142e-01
-6.503059779e-02-2.680684035e-02 1.334211790e-02 5.673238604e-02 1.037486691e-01
 1.540963395e-01 2.074945161e-01 2.637289760e-01 3.226144136e-01 3.839820018e-01
 4.476656814e-01 5.135040194e-01 5.813449885e-01 6.510461173e-01 7.224735534e-01
 7.955031477e-01 8.700225355e-01 9.459300632e-01 1.023133053e+00 1.101547027e+00
 1.181095189e+00 1.261707887e+00 1.343321430e+00 1.425875557e+00 1.509311037e+00
 1.593571301e+00 1.678603778e+00 1.764359316e+00 1.850794919e+00 1.937887417e+00
 2.025520775e+00 2.074792607e+00 2.032278818e+00 1.989889749e+00 1.947644301e+00
 1.905537814e+00 1.863569817e+00 1.821740512e+00 1.780049990e+00 1.738498473e+00
 1.697086468e+00 1.655814690e+00 1.614683658e+00 1.573692990e+00 1.532841341e+00
 1.492126970e+00 1.451548184e+00 1.411103709e+00 1.370792800e+00 1.330615182e+00
 1.290570844e+00 1.250660016e+00 1.210883426e+00 1.171242389e+00 1.131738921e+00
 1.092375825e+00 1.053156497e+00 1.014084335e+00 9.751619259e-01 9.363901788e-01
 8.977685399e-01 8.592981028e-01 8.209822830e-01 7.828244899e-01 7.448262792e-01
 7.069897663e-01 6.693218655e-01 6.318357937e-01 5.945480843e-01 5.574774421e-01
 5.206446367e-01 4.840709786e-01 4.477754840e-01 4.117735887e-01 3.760801403e-01
 3.407123704e-01 3.056923804e-01 2.710484098e-01 2.368158789e-01 2.030373734e-01
 1.697591374e-01 1.370266613e-01 1.048882887e-01 7.339082972e-02 4.257309868e-02
 1.248010290e-02-1.686272225e-02-4.551205189e-02-7.344836202e-02-1.006151585e-01
-1.269700455e-01-1.524573913e-01-1.770137585e-01-2.005758080e-01-2.230843631e-01
-2.444811483e-01-2.647080992e-01-2.837074454e-01-3.014245242e-01-3.178089532e-01
-3.328150598e-01-3.464014640e-01-3.585281070e-01-3.691490288e-01-3.782043855e-01
-3.856296599e-01-3.913692430e-01-3.954371508e-01-3.979145803e-01-3.988628468e-01
-3.981314197e-01-3.952790924e-01-3.900945073e-01-3.831254164e-01-3.751508613e-01
-3.662327804e-01-3.559052227e-01-3.414843605e-01-3.229327476e-01-3.042139277e-01
-2.866443229e-01-2.671236329e-01-2.441772005e-01-2.191435647e-01-1.925683385e-01
-1.644146045e-01-1.345616413e-01-1.029584032e-01-6.969465366e-02-3.495659010e-02
 1.449851640e-03 4.083281792e-02 8.403893179e-02 1.308746392e-01 1.809964823e-01
 2.341476502e-01 2.901110627e-01 3.486980234e-01 4.097459352e-01 4.731041509e-01
 5.386201760e-01 6.061448591e-01 6.755378756e-01 7.466676620e-01 8.194104490e-01
 8.936513238e-01 9.692864493e-01 1.046222173e+00 1.124373125e+00 1.203661404e+00
 1.284016133e+00 1.365373011e+00 1.447673480e+00 1.530862592e+00 1.614886222e+00
 1.699691706e+00 1.785229003e+00 1.871454502e+00 1.958344732e+00 2.045782226e+00
 2.138327397e+00 2.096211384e+00 2.054219714e+00 2.012371266e+00 1.970661464e+00
 1.929089887e+00 1.887656821e+00 1.846362563e+00 1.805207673e+00 1.764192728e+00
 1.723317742e+00 1.682581675e+00 1.641982782e+00 1.601519130e+00 1.561188967e+00
 1.520990992e+00 1.480924354e+00 1.440988552e+00 1.401183257e+00 1.361508401e+00
 1.321964429e+00 1.282552331e+00 1.243273738e+00 1.204130985e+00 1.165126846e+00
 1.126263986e+00 1.087544151e+00 1.048967276e+00 1.010531665e+00 9.722371135e-01
 9.340855009e-01 8.960785924e-01 8.582162492e-01 8.204985650e-01 7.829299574e-01
 7.455212532e-01 7.082867550e-01 6.712427231e-01 6.344073879e-01 5.977999089e-01
 5.614375783e-01 5.253332915e-01 4.894978011e-01 4.539431862e-01 4.186852193e-01
 3.837451887e-01 3.491507888e-01 3.149370215e-01 2.811438368e-01 2.478112563e-01
 2.149767253e-01 1.826787524e-01 1.509627107e-01 1.198839862e-01 8.949882977e-02
 5.985364942e-02 3.098476350e-02 2.946151397e-03-2.425042036e-02-5.065425558e-02
-7.622910915e-02-1.009263840e-01-1.247062158e-01-1.475132848e-01-1.692850035e-01
-1.899597317e-01-2.094796810e-01-2.277902225e-01-2.448400689e-01-2.605826271e-01
-2.749751614e-01-2.879762097e-01-2.995395586e-01-3.096077873e-01-3.181197111e-01
-3.250182790e-01-3.303001255e-01-3.340252991e-01-3.362534497e-01-3.369074407e-01
-3.356233076e-01-3.321014713e-01-3.266255928e-01-3.199837471e-01-3.124050611e-01
-3.036776431e-01-2.920916529e-01-2.760800141e-01-2.582924052e-01-2.413692894e-01
-2.240568623e-01-2.035229884e-01-1.804585905e-01-1.557977735e-01-1.296123614e-01
-1.017684097e-01-7.218748157e-02-4.096822651e-02-8.159565586e-03 2.718292017e-02
 6.637874925e-02 1.094958805e-01 1.561962447e-01 2.061723804e-01 2.591581662e-01
 3.149303958e-01 3.732975313e-01 4.340951047e-01 4.971811805e-01 5.624203805e-01
 6.296720264e-01 6.987980503e-01 7.696687033e-01 8.421622710e-01 9.161641039e-01
 9.915676286e-01 1.068276666e+00 1.146204785e+00 1.225273238e+00 1.305410098e+00
 1.386549878e+00 1.468633126e+00 1.551605851e+00 1.635417873e+00 1.720019907e+00
 1.805362386e+00 1.891400911e+00 1.978111499e+00 2.065375352e+00 2.202803302e+00
 2.161076021e+00 2.119472638e+00 2.078011993e+00 2.036689572e+00 1.995505075e+00
 1.954459069e+00 1.913552085e+00 1.872784412e+00 1.832155426e+00 1.791663556e+00
 1.751306799e+00 1.711083117e+00 1.670990742e+00 1.631028328e+00 1.591194912e+00
 1.551489758e+00 1.511912252e+00 1.472462093e+00 1.433139474e+00 1.393945098e+00
 1.354880250e+00 1.315946834e+00 1.277147054e+00 1.238482913e+00 1.199955399e+00
 1.161563553e+00 1.123304668e+00 1.085177411e+00 1.047182330e+00 1.009319763e+00
 9.715881236e-01 9.339857741e-01 8.965149194e-01 8.591841919e-01 8.220059134e-01
 7.849941961e-01 7.481649850e-01 7.115354202e-01 6.751213805e-01 6.389341878e-01
 6.029814390e-01 5.672709781e-01 5.318132978e-01 4.966235170e-01 4.617223350e-01
 4.271376483e-01 3.929035513e-01 3.590565860e-01 3.256308837e-01 2.926587933e-01
 2.601759529e-01 2.282245715e-01 1.968506658e-01 1.660993448e-01 1.360187942e-01
 1.066683038e-01 7.810925536e-02 5.039271923e-02 2.356293021e-02-2.325836228e-03
-2.728685366e-02-5.135588220e-02-7.448961798e-02-9.664380933e-02-1.177796879e-01
-1.378432320e-01-1.567757851e-01-1.745214909e-01-1.910323174e-01-2.062638418e-01
-2.201722032e-01-2.327105919e-01-2.438237306e-01-2.534537112e-01-2.615433440e-01
-2.680749797e-01-2.730887913e-01-2.766362352e-01-2.786884295e-01-2.789643854e-01
-2.771347549e-01-2.732819289e-01-2.680748851e-01-2.618763905e-01-2.545760149e-01
-2.454298709e-01-2.322959376e-01-2.161216791e-01-1.999557238e-01-1.841367998e-01
-1.661106551e-01-1.451472575e-01-1.224023800e-01-9.820126611e-02-7.238250281e-02
-4.486237715e-02-1.567859313e-02 1.574997487e-02 5.086402328e-02 9.006210492e-02
 1.331003480e-01 1.797075728e-01 2.296036910e-01 2.825010657e-01 3.381594903e-01
 3.963841408e-01 4.570075399e-01 5.198864620e-01 5.848968041e-01 6.519161035e-01
 7.208140807e-01 7.914627076e-01 8.637418118e-01 9.375385934e-01 1.012746672e+00
 1.089267025e+00 1.167010368e+00 1.245896793e+00 1.325853567e+00 1.406814199e+00
 1.488718114e+00 1.571510279e+00 1.655140813e+00 1.739563691e+00 1.824733466e+00
 1.910606952e+00 1.997159747e+00 2.084271477e+00 2.268178733e+00 2.226831103e+00
 2.185606826e+00 2.144524722e+00 2.103580481e+00 2.062774100e+00 2.022106153e+00
 1.981576454e+00 1.941183767e+00 1.900926154e+00 1.860801449e+00 1.820807565e+00
 1.780942742e+00 1.741205576e+00 1.701594972e+00 1.662109965e+00 1.622749697e+00
 1.583513688e+00 1.544401906e+00 1.505414794e+00 1.466553329e+00 1.427819014e+00
 1.389213532e+00 1.350738284e+00 1.312393581e+00 1.274177632e+00 1.236086844e+00
 1.198118906e+00 1.160273204e+00 1.122548846e+00 1.084943001e+00 1.047452557e+00
 1.010077765e+00 9.728252354e-01 9.357055158e-01 8.987308327e-01 8.619150853e-01
 8.252735059e-01 7.888207037e-01 7.525671232e-01 7.165180942e-01 6.806779979e-01
 6.450530219e-01 6.096530240e-01 5.744926879e-01 5.395930807e-01 5.049823440e-01
 4.706926988e-01 4.367557366e-01 4.032003438e-01 3.700557747e-01 3.373559514e-01
 3.051399316e-01 2.734472386e-01 2.423169956e-01 2.117922696e-01 1.819229496e-01
 1.527632835e-01 1.243709001e-01 9.680910149e-02 7.013910952e-02 4.441040365e-02
 1.967534031e-02-4.009563287e-03-2.667151763e-02-4.834328749e-02-6.898068591e-02
-8.854242148e-02-1.069964349e-01-1.242974879e-01-1.403963337e-01-1.552424121e-01
-1.687877192e-01-1.809787712e-01-1.917593395e-01-2.010724223e-01-2.088889720e-01
-2.152313959e-01-2.201395813e-01-2.236102253e-01-2.254418785e-01-2.253193622e-01
-2.231858859e-01-2.195150556e-01-2.147696184e-01-2.089368371e-01-2.017635215e-01
-1.914343617e-01-1.775401214e-01-1.625455029e-01-1.478340634e-01-1.320427401e-01
-1.133482066e-01-9.254823217e-02-7.031077898e-02-4.654472364e-02-2.110749354e-02
 6.446467355e-03 3.750813596e-02 7.270888103e-02 1.119064632e-01 1.548871242e-01
 2.014318325e-01 2.512834789e-01 3.041545704e-01 3.597736038e-01 4.179301545e-01
 4.784544069e-01 5.411997957e-01 6.060418155e-01 6.728717847e-01 7.415781565e-01
 8.120398705e-01 8.841380281e-01 9.577611461e-01 1.032804511e+00 1.109169257e+00
 1.186763220e+00 1.265503333e+00 1.345315593e+00 1.426132735e+00 1.507893223e+00
 1.590540967e+00 1.674024999e+00 1.758299068e+00 1.843320124e+00 1.929049492e+00
 2.015464987e+00 2.102445217e+00 2.334413632e+00 2.293436504e+00 2.252582181e+00
 2.211869636e+00 2.171294764e+00 2.130857259e+00 2.090556511e+00 2.050390805e+00
 2.010357969e+00 1.970455748e+00 1.930682046e+00 1.891035099e+00 1.851513446e+00
 1.812115842e+00 1.772841101e+00 1.733688180e+00 1.694656446e+00 1.655745671e+00
 1.616956062e+00 1.578288318e+00 1.539743570e+00 1.501323023e+00 1.463027535e+00
 1.424856801e+00 1.386808265e+00 1.348877556e+00 1.311061516e+00 1.273358522e+00
 1.235766612e+00 1.198281896e+00 1.160900005e+00 1.123619476e+00 1.086445047e+00
 1.049385666e+00 1.012451902e+00 9.756558316e-01 9.390109037e-01 9.025304966e-01
 8.662245881e-01 8.300970938e-01 7.941496318e-01 7.583848625e-01 7.228082119e-01
 6.874292733e-01 6.522629209e-01 6.173313543e-01 5.826620862e-01 5.482840927e-01
 5.142238357e-01 4.805062042e-01 4.471584186e-01 4.142123172e-01 3.817029102e-01
 3.496643745e-01 3.181316360e-01 2.871445614e-01 2.567484629e-01 2.269916507e-01
 1.979235387e-01 1.695962468e-01 1.420664515e-01 1.153981848e-01 8.966036022e-02
 6.491758336e-02 4.121712653e-02 1.861019132e-02-2.845846856e-03-2.317711135e-02
-4.242761717e-02-6.055871216e-02-7.753036878e-02-9.332220957e-02-1.078928826e-01
-1.211884484e-01-1.331488877e-01-1.437163496e-01-1.528528632e-01-1.605635974e-01
-1.668743032e-01-1.717913936e-01-1.751826514e-01-1.767738118e-01-1.764215858e-01
-1.743989778e-01-1.712080761e-01-1.669268455e-01-1.614232447e-01-1.536510035e-01
-1.424086043e-01-1.290694932e-01-1.155408315e-01-1.015226531e-01-8.518358317e-02
-6.641230205e-02-4.612322014e-02-2.443670457e-02-8.155301683e-04 2.616470281e-02
 5.741833025e-02 9.276163356e-02 1.319659375e-01 1.749111130e-01 2.214124447e-01
 2.712342829e-01 3.241090626e-01 3.797506905e-01 4.379110162e-01 4.984077204e-01
 5.610925184e-01 6.258372435e-01 6.925339161e-01 7.610871505e-01 8.313946306e-01
 9.033435313e-01 9.768232822e-01 1.051730300e+00 1.127967220e+00 1.205442026e+00
 1.284068792e+00 1.363770079e+00 1.444477228e+00 1.526127958e+00 1.608665253e+00
 1.692037157e+00 1.776196344e+00 1.861099155e+00 1.946708491e+00 2.033006716e+00
 2.119874578e+00 2.401469393e+00 2.360853804e+00 2.320360691e+00 2.280008906e+00
 2.239793645e+00 2.199713128e+00 2.159765481e+00 2.119948403e+00 2.080259592e+00
 2.040696971e+00 2.001258756e+00 1.961943419e+00 1.922749556e+00 1.883675785e+00
 1.844720927e+00 1.805884216e+00 1.767165251e+00 1.728564022e+00 1.690080976e+00
 1.651716901e+00 1.613472565e+00 1.575348332e+00 1.537343337e+00 1.499454318e+00
 1.461676224e+00 1.424005167e+00 1.386438645e+00 1.348973772e+00 1.311605749e+00
 1.274329145e+00 1.237140997e+00 1.200044311e+00 1.163046582e+00 1.126156915e+00
 1.089385769e+00 1.052744950e+00 1.016246619e+00 9.799003941e-01 9.437095973e-01
 9.076737356e-01 8.717925657e-01 8.360678427e-01 8.005048292e-01 7.651131272e-01
 7.299090046e-01 6.949151795e-01 6.601574620e-01 6.256604590e-01 5.914463399e-01
 5.575373480e-01 5.239588458e-01 4.907403331e-01 4.579121152e-01 4.255037329e-01
 3.935469180e-01 3.620787513e-01 3.311408554e-01 3.007762775e-01 2.710290350e-01
 2.419461947e-01 2.135798808e-01 1.859861916e-01 1.592237633e-01 1.333533936e-01
 1.084390321e-01 8.454512062e-02 6.173342672e-02 4.005133525e-02 1.955061071e-02
 2.972201552e-04-1.771220778e-02-3.455463023e-02-5.020262259e-02-6.460882865e-02
-7.775198405e-02-8.958773043e-02-1.000701314e-01-1.091827537e-01-1.169333521e-01
-1.233290243e-01-1.282922427e-01-1.316006368e-01-1.330688161e-01-1.328073745e-01
-1.312621323e-01-1.285896915e-01-1.247007731e-01-1.191678754e-01-1.106105831e-01
-9.940796058e-02-8.737434609e-02-7.488997749e-02-6.076940310e-02-4.416461304e-02
-2.589575852e-02-6.137546606e-03 1.659253581e-02 4.385086182e-02 7.548799850e-02
 1.110403069e-01 1.503101626e-01 1.932376755e-01 2.397046880e-01 2.895021991e-01
 3.423845109e-01 3.980783653e-01 4.563047394e-01 5.168430544e-01 5.795363435e-01
 6.442548028e-01 7.108865439e-01 7.793381754e-01 8.495257346e-01 9.213547254e-01
 9.947197334e-01 1.069517806e+00 1.145652553e+00 1.223033307e+00 1.301574301e+00
 1.381195305e+00 1.461823980e+00 1.543396515e+00 1.625855172e+00 1.709147102e+00
 1.793224045e+00 1.878041310e+00 1.963560979e+00 2.049766399e+00 2.136541441e+00
 2.469309282e+00 2.429046669e+00 2.388905754e+00 2.348904173e+00 2.309035674e+00
 2.269297575e+00 2.229687674e+00 2.190203675e+00 2.150843514e+00 2.111605382e+00
 2.072487668e+00 2.033488807e+00 1.994607256e+00 1.955841741e+00 1.917191376e+00
 1.878655604e+00 1.840234219e+00 1.801927437e+00 1.763735727e+00 1.725659460e+00
 1.687698548e+00 1.649851619e+00 1.612114757e+00 1.574482319e+00 1.536949790e+00
 1.499513905e+00 1.462170975e+00 1.424915429e+00 1.387740938e+00 1.350643236e+00
 1.313623725e+00 1.276688565e+00 1.239845577e+00 1.203103776e+00 1.166473469e+00
 1.129965608e+00 1.093589429e+00 1.057348279e+00 1.021240206e+00 9.852625811e-01
 9.494141694e-01 9.136965385e-01 8.781149246e-01 8.426799993e-01 8.074096134e-01
 7.723259248e-01 7.374517275e-01 7.028073438e-01 6.684116768e-01 6.342850973e-01
 6.004511738e-01 5.669364149e-01 5.337665724e-01 5.009674477e-01 4.685684086e-01
 4.366037031e-01 4.051109516e-01 3.741283819e-01 3.436957619e-01 3.138566713e-01
 2.846596318e-01 2.561562156e-01 2.284004384e-01 2.014479618e-01 1.753523387e-01
 1.501654815e-01 1.259425991e-01 1.027464911e-01 8.064764528e-02 5.971804852e-02
 4.001647759e-02 2.158974222e-02 4.506148564e-03-1.121516634e-02-2.567214730e-02
-3.885310636e-02-5.070336635e-02-6.122084376e-02-7.042202857e-02-7.831377352e-02
-8.485705429e-02-8.988162777e-02-9.319430055e-02-9.479187530e-02-9.498871155e-02
-9.400437588e-02-9.180159684e-02-8.822213699e-02-8.220647416e-02-7.345936338e-02
-6.326219987e-02-5.240038791e-02-4.027521900e-02-2.597659677e-02-9.831133082e-03
 8.662897461e-03 3.166114762e-02 5.954495422e-02 9.165757523e-02 1.275413690e-01
 1.669864350e-01 2.099373740e-01 2.563729327e-01 3.061452305e-01 3.590286850e-01
 4.147711457e-01 4.730963940e-01 5.337387080e-01 5.965068972e-01 6.612659294e-01
 7.279019696e-01 7.963176181e-01 8.664323481e-01 9.381719659e-01 1.011448623e+00
 1.086163622e+00 1.162220992e+00 1.239530906e+00 1.318008808e+00 1.397574649e+00
 1.478153408e+00 1.559677384e+00 1.642087161e+00 1.725329184e+00 1.809354336e+00
 1.894117032e+00 1.979578380e+00 2.065720766e+00 2.152428616e+00 2.537898438e+00
 2.497979248e+00 2.458179057e+00 2.418514110e+00 2.378977622e+00 2.339566756e+00
 2.300279410e+00 2.261113542e+00 2.222067306e+00 2.183138994e+00 2.144326884e+00
 2.105629314e+00 2.067044946e+00 2.028572781e+00 1.990212118e+00 1.951962579e+00
 1.913824168e+00 1.875797051e+00 1.837881241e+00 1.800076243e+00 1.762380215e+00
 1.724788637e+00 1.687295357e+00 1.649895323e+00 1.612584605e+00 1.575358821e+00
 1.538211743e+00 1.501136287e+00 1.464127060e+00 1.427183983e+00 1.390311985e+00
 1.353517748e+00 1.316809002e+00 1.280194699e+00 1.243684594e+00 1.207287462e+00
 1.171007057e+00 1.134840616e+00 1.098783591e+00 1.062832318e+00 1.026985237e+00
 9.912439731e-01 9.556143460e-01 9.201091564e-01 8.847467288e-01 8.495475924e-01
 8.145307037e-01 7.797128659e-01 7.451107516e-01 7.107429412e-01 6.766312672e-01
 6.427985600e-01 6.092666790e-01 5.760586395e-01 5.432017449e-01 5.107274512e-01
 4.786693028e-01 4.470613075e-01 4.159395300e-01 3.853444884e-01 3.553214525e-01
 3.259184957e-01 2.971860801e-01 2.691753770e-01 2.419331474e-01 2.155045212e-01
 1.899377543e-01 1.652850521e-01 1.416055519e-01 1.189665376e-01 9.744117241e-02
 7.710673391e-02 5.803429707e-02 4.027792820e-02 2.387101188e-02 8.884377641e-03
-4.618777444e-03-1.671879933e-02-2.748192080e-02-3.690912219e-02-4.500476209e-02
-5.171078831e-02-5.686863364e-02-6.039779851e-02-6.244705899e-02-6.324633384e-02
-6.281030644e-02-6.105103299e-02-5.737867951e-02-5.116561206e-02-4.309993710e-02
-3.409197458e-02-2.390672413e-02-1.196931665e-02 2.308266147e-03 2.080168796e-02
 4.455874190e-02 7.314830890e-02 1.058670457e-01 1.422321119e-01 1.819926172e-01
 2.250671591e-01 2.714888677e-01 3.212279282e-01 3.741024312e-01 4.298765814e-01
 4.882936350e-01 5.490776993e-01 6.119828162e-01 6.768462160e-01 7.435514065e-01
 8.119985733e-01 8.821032580e-01 9.537962592e-01 1.027011688e+00 1.101667381e+00
 1.177670767e+00 1.254932286e+00 1.333368110e+00 1.412899269e+00 1.493450955e+00
 1.574952924e+00 1.657341701e+00 1.740561893e+00 1.824563685e+00 1.909300677e+00
 1.994733095e+00 2.080842245e+00 2.167512437e+00 2.607201410e+00 2.567613078e+00
 2.528139710e+00 2.488796688e+00 2.449577294e+00 2.410478873e+00 2.371499549e+00
 2.332637453e+00 2.293890760e+00 2.255257611e+00 2.216736264e+00 2.178325328e+00
 2.140023706e+00 2.101830563e+00 2.063745371e+00 2.025767930e+00 1.987898129e+00
 1.950135656e+00 1.912479643e+00 1.874927813e+00 1.837475095e+00 1.800114898e+00
 1.762841709e+00 1.725651024e+00 1.688537863e+00 1.651495439e+00 1.614516038e+00
 1.577593298e+00 1.540725777e+00 1.503917257e+00 1.467173409e+00 1.430500820e+00
 1.393907219e+00 1.357401214e+00 1.320991003e+00 1.284680882e+00 1.248467919e+00
 1.212346106e+00 1.176309791e+00 1.140354824e+00 1.104479772e+00 1.068686519e+00
 1.032982822e+00 9.973830724e-01 9.619050094e-01 9.265663568e-01 8.913824973e-01
 8.563675449e-01 8.215364346e-01 7.869061450e-01 7.524963445e-01 7.183261048e-01
 6.844141075e-01 6.507814214e-01 6.174532734e-01 5.844583154e-01 5.518261877e-01
 5.195872510e-01 4.877744663e-01 4.564258025e-01 4.255835129e-01 3.952923588e-01
 3.655993383e-01 3.365512191e-01 3.081889206e-01 2.805520718e-01 2.536830925e-01
 2.276278455e-01 2.024401055e-01 1.781833591e-01 1.549243516e-01 1.327305495e-01
 1.116660006e-01 9.178799115e-02 7.315851412e-02 5.584608573e-02 3.992868923e-02
 2.547373801e-02 1.254622966e-02 1.195967718e-03-8.642935560e-03-1.713455823e-02
-2.420841132e-02-2.973927516e-02-3.375093889e-02-3.641553576e-02-3.778599121e-02
-3.783113629e-02-3.628848315e-02-3.251046740e-02-2.676924088e-02-1.982813375e-02
-1.174808748e-02-1.934635051e-03 1.156354042e-02 3.068871928e-02 5.524974234e-02
 8.459000637e-02 1.180535444e-01 1.550582293e-01 1.952898498e-01 2.386340461e-01
 2.851178871e-01 3.348215470e-01 3.876711636e-01 4.434579625e-01 5.019413394e-01
 5.628611461e-01 6.259458441e-01 6.909745995e-01 7.578103438e-01 8.263521107e-01
 8.965125546e-01 9.682187905e-01 1.041411567e+00 1.116032002e+00 1.192002832e+00
 1.269237115e+00 1.347651179e+00 1.427166689e+00 1.507709792e+00 1.589210490e+00
 1.671602927e+00 1.754827528e+00 1.838832466e+00 1.923570650e+00 2.009001507e+00
 2.095105321e+00 2.181766276e+00 2.677179745e+00 2.637908105e+00 2.598747067e+00
 2.559711394e+00 2.520794723e+00 2.481994607e+00 2.443309291e+00 2.404736847e+00
 2.366275299e+00 2.327922862e+00 2.289678097e+00 2.251539815e+00 2.213507059e+00
 2.175579169e+00 2.137755756e+00 2.100036448e+00 2.062420638e+00 2.024907120e+00
 1.987493214e+00 1.950173339e+00 1.912940535e+00 1.875788896e+00 1.838713420e+00
 1.801708612e+00 1.764767212e+00 1.727880984e+00 1.691042740e+00 1.654249787e+00
 1.617504833e+00 1.580812641e+00 1.544178786e+00 1.507609896e+00 1.471113507e+00
 1.434697154e+00 1.398365549e+00 1.362116224e+00 1.325942166e+00 1.289836082e+00
 1.253791729e+00 1.217805053e+00 1.181874794e+00 1.146004124e+00 1.110203265e+00
 1.074486909e+00 1.038871207e+00 1.003370524e+00 9.679973509e-01 9.327639083e-01
 8.976833794e-01 8.627714275e-01 8.280448886e-01 7.935195419e-01 7.592116259e-01
 7.251406874e-01 6.913298917e-01 6.578049783e-01 6.245920452e-01 5.917183173e-01
 5.592142352e-01 5.271155938e-01 4.954618378e-01 4.642947009e-01 4.336579501e-01
 4.035938895e-01 3.741377216e-01 3.453239433e-01 3.171897467e-01 2.897760667e-01
 2.631328509e-01 2.373205504e-01 2.124024933e-01 1.884424528e-01 1.655006714e-01
 1.436250699e-01 1.228606001e-01 1.032595028e-01 8.489463752e-02 6.787847525e-02
 5.232567528e-02 3.832228195e-02 2.587918412e-02 1.490572204e-02 5.411349241e-03
-2.507443171e-03-8.870347389e-03-1.370799857e-02-1.699751708e-02-1.880023991e-02
-1.914013358e-02-1.759327616e-02-1.417658083e-02-9.444348410e-03-3.522595838e-03
 4.948670064e-03 1.865971130e-02 3.845872124e-02 6.374584765e-02 9.385752386e-02
 1.281535524e-01 1.659512082e-01 2.068192864e-01 2.505988473e-01 2.972877782e-01
 3.469974430e-01 3.998052007e-01 4.555823393e-01 5.141041981e-01 5.751280786e-01
 6.383916285e-01 7.036323840e-01 7.706579456e-01 8.393535660e-01 9.096312622e-01
 9.814148451e-01 1.054641787e+00 1.129261561e+00 1.205221129e+00 1.282447509e+00
 1.360858953e+00 1.440377206e+00 1.520928965e+00 1.602445077e+00 1.684859965e+00
 1.768111844e+00 1.852144633e+00 1.936909053e+00 2.022363801e+00 2.108488267e+00
 2.195166433e+00 2.747794405e+00 2.708825183e+00 2.669962286e+00 2.631220004e+00
 2.592592292e+00 2.554076786e+00 2.515671605e+00 2.477374704e+00 2.439184279e+00
 2.401098841e+00 2.363117114e+00 2.325238036e+00 2.287460827e+00 2.249784918e+00
 2.212209698e+00 2.174734290e+00 2.137357184e+00 2.100075315e+00 2.062882643e+00
 2.025771896e+00 1.988736835e+00 1.951772029e+00 1.914871539e+00 1.878027709e+00
 1.841231869e+00 1.804476135e+00 1.767756677e+00 1.731075184e+00 1.694435603e+00
 1.657842607e+00 1.621301841e+00 1.584819846e+00 1.548403440e+00 1.512057545e+00
 1.475780600e+00 1.439565079e+00 1.403402348e+00 1.367284493e+00 1.331205216e+00
 1.295160706e+00 1.259150386e+00 1.223180046e+00 1.187261226e+00 1.151407986e+00
 1.115633878e+00 1.079950292e+00 1.044367493e+00 1.008896081e+00 9.735477563e-01
 9.383366503e-01 9.032765085e-01 8.683804037e-01 8.336628759e-01 7.991419814e-01
 7.648388904e-01 7.307763529e-01 6.969773748e-01 6.634665166e-01 6.302722441e-01
 5.974283747e-01 5.649717368e-01 5.329413234e-01 5.013778559e-01 4.703190537e-01
 4.397948065e-01 4.098350055e-01 3.804721218e-01 3.517425804e-01 3.236928976e-01
 2.963807785e-01 2.698669278e-01 2.442127377e-01 2.194752483e-01 1.956957214e-01
 1.729094772e-01 1.511586059e-01 1.305053336e-01 1.110576731e-01 9.294349340e-02
 7.627434757e-02 6.110652158e-02 4.735079074e-02 3.488628326e-02 2.369351183e-02
 1.387239523e-02 5.785413194e-03-1.739844979e-04-4.046445092e-03-6.206176109e-03
-6.615436165e-03-5.296766048e-03-2.660749978e-03 1.640700315e-03 9.879581090e-03
 2.395660671e-02 4.421273106e-02 7.012629902e-02 1.009838545e-01 1.361287364e-01
 1.748387254e-01 2.165103447e-01 2.608972327e-01 3.079649038e-01 3.578038451e-01
 4.105786143e-01 4.663193191e-01 5.248513871e-01 5.859431702e-01 6.493505643e-01
 7.148108033e-01 7.820756334e-01 8.509822470e-01 9.214345360e-01 9.933555130e-01
 1.066679025e+00 1.141351816e+00 1.217330979e+00 1.294568292e+00 1.372994565e+00
 1.452532871e+00 1.533109937e+00 1.614657079e+00 1.697109465e+00 1.780405619e+00
 1.864487432e+00 1.949301348e+00 2.034803671e+00 2.120972903e+00 2.207692894e+00
 2.819007706e+00 2.780327127e+00 2.741748800e+00 2.703286501e+00 2.664934341e+00
 2.626689816e+00 2.588550986e+00 2.550516059e+00 2.512583489e+00 2.474751925e+00
 2.437020207e+00 2.399387446e+00 2.361852906e+00 2.324415755e+00 2.287074868e+00
 2.249828459e+00 2.212673102e+00 2.175602339e+00 2.138608637e+00 2.101685483e+00
 2.064827069e+00 2.028027082e+00 1.991277530e+00 1.954569393e+00 1.917894199e+00
 1.881247095e+00 1.844628797e+00 1.808042513e+00 1.771492116e+00 1.734982368e+00
 1.698518898e+00 1.662107776e+00 1.625753931e+00 1.589456916e+00 1.553209202e+00
 1.517001121e+00 1.480823407e+00 1.444667917e+00 1.408528671e+00 1.372402197e+00
 1.336289971e+00 1.300200166e+00 1.264144438e+00 1.228135294e+00 1.192183362e+00
 1.156297644e+00 1.120486792e+00 1.084759678e+00 1.049126983e+00 1.013600703e+00
 9.781917724e-01 9.429111325e-01 9.077721513e-01 8.727913281e-01 8.379878208e-01
 8.033814867e-01 7.689926608e-01 7.348436946e-01 7.009615574e-01 6.673781602e-01
 6.341279073e-01 6.012473058e-01 5.687741367e-01 5.367413898e-01 5.051741657e-01
 4.740982431e-01 4.435418365e-01 4.135373706e-01 3.841284612e-01 3.553703228e-01
 3.273210784e-01 3.000396374e-01 2.735800632e-01 2.479781237e-01 2.232618000e-01
 1.994644343e-01 1.766383729e-01 1.548884687e-01 1.343568743e-01 1.151769043e-01
 9.743291834e-02 8.102646732e-02 6.572459413e-02 5.136985851e-02 3.796419544e-02
 2.590970151e-02 1.588787763e-02 8.382279331e-03 3.449851498e-03 8.977127528e-04
 3.627181830e-04 1.536694706e-03 5.265357680e-03 1.347730201e-02 2.763541129e-02
 4.812141137e-02 7.451042466e-02 1.060420892e-01 1.419990251e-01 1.816601951e-01
 2.242855689e-01 2.694557612e-01 3.170819825e-01 3.672252616e-01 4.200529662e-01
 4.757426573e-01 5.342525989e-01 5.953778701e-01 6.588855716e-01 7.245302949e-01
 7.920512778e-01 8.612198895e-01 9.319017251e-01 1.004015761e+00 1.077494556e+00
 1.152281030e+00 1.228330219e+00 1.305605848e+00 1.384063605e+00 1.463637715e+00
 1.544255734e+00 1.625848975e+00 1.708353004e+00 1.791706997e+00 1.875853178e+00
 1.960736153e+00 2.046307955e+00 2.132544386e+00 2.219328981e+00 2.890784036e+00
 2.852378920e+00 2.814072083e+00 2.775876623e+00 2.737786638e+00 2.699799673e+00
 2.661914083e+00 2.624128286e+00 2.586440851e+00 2.548850538e+00 2.511356355e+00
 2.473957407e+00 2.436652661e+00 2.399440766e+00 2.362319684e+00 2.325285641e+00
 2.288331810e+00 2.251450444e+00 2.214634797e+00 2.177878743e+00 2.141175645e+00
 2.104517237e+00 2.067894210e+00 2.031297609e+00 1.994721666e+00 1.958166167e+00
 1.921633636e+00 1.885127245e+00 1.848650960e+00 1.812209581e+00 1.775808432e+00
 1.739452258e+00 1.703141713e+00 1.666869786e+00 1.630626090e+00 1.594400256e+00
 1.558182672e+00 1.521965472e+00 1.485742948e+00 1.449512873e+00 1.413279695e+00
 1.377052542e+00 1.340842390e+00 1.304659349e+00 1.268511572e+00 1.232406215e+00
 1.196350410e+00 1.160351619e+00 1.124419469e+00 1.088563433e+00 1.052792132e+00
 1.017114983e+00 9.815443109e-01 9.460951199e-01 9.107844397e-01 8.756294928e-01
 8.406483193e-01 8.058615105e-01 7.712948691e-01 7.369784425e-01 7.029443985e-01
 6.692269745e-01 6.358610357e-01 6.028747624e-01 5.702889986e-01 5.381258449e-01
 5.064096783e-01 4.751694104e-01 4.444462405e-01 4.142931151e-01 3.847657164e-01
 3.559205996e-01 3.278091443e-01 3.004622275e-01 2.739010340e-01 2.481510199e-01
 2.232550497e-01 1.993124743e-01 1.764768331e-01 1.548990829e-01 1.346931667e-01
 1.157887090e-01 9.788055105e-02 8.069128448e-02 6.406717808e-02 4.826380631e-02
 3.410203835e-02 2.243198993e-02 1.373619150e-02 8.080598199e-03 5.307774123e-03
 5.184538070e-03 8.282938854e-03 1.606567743e-02 2.993202833e-02 5.038269706e-02
 7.705065594e-02 1.091354401e-01 1.458273895e-01 1.864008525e-01 2.300710113e-01
 2.761941509e-01 3.245600697e-01 3.751967578e-01 4.282427015e-01 4.839225242e-01
 5.423802392e-01 6.035027685e-01 6.670699832e-01 7.328498702e-01 8.005957778e-01
 8.700520762e-01 9.410149006e-01 1.013374897e+00 1.087063159e+00 1.162020785e+00
 1.238198889e+00 1.315559925e+00 1.394073346e+00 1.473697989e+00 1.554371178e+00
 1.636024652e+00 1.718593954e+00 1.802018594e+00 1.886241365e+00 1.971207225e+00
 2.056866536e+00 2.143190806e+00 2.230061209e+00 2.963089835e+00 2.924947424e+00
 2.886899174e+00 2.848957445e+00 2.811116614e+00 2.773374546e+00 2.735729754e+00
 2.698180751e+00 2.660726225e+00 2.623365084e+00 2.586096284e+00 2.548918610e+00
 2.511830500e+00 2.474829690e+00 2.437912071e+00 2.401070488e+00 2.364297025e+00
 2.327584741e+00 2.290927238e+00 2.254317605e+00 2.217747353e+00 2.181206937e+00
 2.144687011e+00 2.108180999e+00 2.071687789e+00 2.035209274e+00 1.998748008e+00
 1.962307239e+00 1.925891015e+00 1.889503955e+00 1.853150474e+00 1.816832088e+00
 1.780542821e+00 1.744271914e+00 1.708008083e+00 1.671740567e+00 1.635459878e+00
 1.599158509e+00 1.562831389e+00 1.526479023e+00 1.490107863e+00 1.453727003e+00
 1.417345909e+00 1.380972158e+00 1.344611925e+00 1.308270985e+00 1.271954761e+00
 1.235669897e+00 1.199424456e+00 1.163225502e+00 1.127079806e+00 1.090995802e+00
 1.054984681e+00 1.019060029e+00 9.832366592e-01 9.475295027e-01 9.119546517e-01
 8.765313809e-01 8.412844842e-01 8.062421964e-01 7.714346324e-01 7.368939339e-01
 7.026519971e-01 6.687322214e-01 6.351517043e-01 6.019292518e-01 5.690857863e-01
 5.366471436e-01 5.046525156e-01 4.731527637e-01 4.422012758e-01 4.118524053e-01
 3.821551104e-01 3.531359772e-01 3.248101004e-01 2.971960069e-01 2.703275870e-01
 2.442956731e-01 2.192613350e-01 1.953896585e-01 1.728209928e-01 1.515316226e-01
 1.311806583e-01 1.113906683e-01 9.187811164e-02 7.270545700e-02 5.470381412e-02
 3.895103817e-02 2.625315675e-02 1.701536781e-02 1.139124786e-02 9.338976872e-03
 1.114811339e-02 1.799387259e-02 3.115126599e-02 5.123255284e-02 7.793200607e-02
 1.103908761e-01 1.477100667e-01 1.891107307e-01 2.338153643e-01 2.810304999e-01
 3.303169835e-01 3.816336014e-01 4.350926614e-01 4.908999386e-01 5.493082704e-01
 6.103890329e-01 6.739758424e-01 7.398437417e-01 8.077615367e-01 8.774819881e-01
 9.487585187e-01 1.021415264e+00 1.095364047e+00 1.170545685e+00 1.246908999e+00
 1.324412507e+00 1.403025281e+00 1.482721698e+00 1.563463089e+00 1.645189625e+00
 1.727836959e+00 1.811344566e+00 1.895655516e+00 1.980715263e+00 2.066474522e+00
 2.152903214e+00 2.239878825e+00 3.035893281e+00 2.998000887e+00 2.960198423e+00
 2.922497829e+00 2.884893912e+00 2.847384680e+00 2.809968722e+00 2.772644676e+00
 2.735411351e+00 2.698267563e+00 2.661211929e+00 2.624242700e+00 2.587357400e+00
 2.550551595e+00 2.513817847e+00 2.477148109e+00 2.440535279e+00 2.403972727e+00
 2.367453313e+00 2.330968364e+00 2.294508154e+00 2.258063019e+00 2.221625679e+00
 2.185194157e+00 2.148769757e+00 2.112354485e+00 2.075950945e+00 2.039562504e+00
 2.003193120e+00 1.966846794e+00 1.930525598e+00 1.894224934e+00 1.857934064e+00
 1.821640973e+00 1.785334002e+00 1.749002332e+00 1.712636914e+00 1.676230585e+00
 1.639780188e+00 1.603289164e+00 1.566764577e+00 1.530214810e+00 1.493647130e+00
 1.457067054e+00 1.420479221e+00 1.383887982e+00 1.347297385e+00 1.310713380e+00
 1.274141999e+00 1.237588309e+00 1.201057706e+00 1.164557907e+00 1.128098924e+00
 1.091692900e+00 1.055352480e+00 1.019090624e+00 9.829218143e-01 9.468644482e-01
 9.109423075e-01 8.751818855e-01 8.396114284e-01 8.042611079e-01 7.691597271e-01
 7.343260599e-01 6.997739302e-01 6.655191821e-01 6.315796354e-01 5.979784501e-01
 5.647531572e-01 5.319526858e-01 4.996282587e-01 4.678321571e-01 4.366111453e-01
 4.059880614e-01 3.759725756e-01 3.465771364e-01 3.178273648e-01 2.898036628e-01
 2.626710261e-01 2.366061945e-01 2.117709923e-01 1.881929895e-01 1.655335187e-01
 1.433322694e-01 1.211979314e-01 9.899763221e-02 7.743725425e-02 5.775385398e-02
 4.104453233e-02 2.801474702e-02 1.906720260e-02 1.441988789e-02 1.429617922e-02
 1.965215667e-02 3.164679110e-02 5.095115228e-02 7.735150449e-02 1.099632842e-01
 1.477641640e-01 1.898784964e-01 2.355323180e-01 2.838937524e-01 3.342670237e-01
 3.864493346e-01 4.405161120e-01 4.966437195e-01 5.550942541e-01 6.161104493e-01
 6.796738745e-01 7.455857487e-01 8.136222008e-01 8.835523874e-01 9.551297383e-01
 1.028121084e+00 1.102379752e+00 1.177834815e+00 1.254434997e+00 1.332136151e+00
 1.410903465e+00 1.490711915e+00 1.571540068e+00 1.653351205e+00 1.736088139e+00
 1.819690217e+00 1.904100474e+00 1.989264586e+00 2.075133692e+00 2.161678075e+00
 2.248773790e+00 3.109163769e+00 3.071508912e+00 3.033940074e+00 2.996468776e+00
 2.959090076e+00 2.921802076e+00 2.884603488e+00 2.847493042e+00 2.810469415e+00
 2.773531074e+00 2.736676098e+00 2.699901815e+00 2.663203476e+00 2.626573402e+00
 2.590003446e+00 2.553486379e+00 2.517015371e+00 2.480583093e+00 2.444180728e+00
 2.407798406e+00 2.371426218e+00 2.335056270e+00 2.298685761e+00 2.262315432e+00
 2.225946809e+00 2.189581916e+00 2.153223503e+00 2.116874915e+00 2.080539687e+00
 2.044220176e+00 2.007913279e+00 1.971608699e+00 1.935293903e+00 1.898956510e+00
 1.862584669e+00 1.826167957e+00 1.789697642e+00 1.753167650e+00 1.716577984e+00
 1.679933590e+00 1.643241395e+00 1.606508317e+00 1.569739442e+00 1.532938643e+00
 1.496109369e+00 1.459254284e+00 1.422376751e+00 1.385481621e+00 1.348572855e+00
 1.311653920e+00 1.274729330e+00 1.237806030e+00 1.200892964e+00 1.164000713e+00
 1.127139937e+00 1.090321901e+00 1.053559821e+00 1.016871570e+00 9.802798385e-01
 9.438094724e-01 9.074870247e-01 8.713407749e-01 8.353962420e-01 7.996678681e-01
 7.641666278e-01 7.289056887e-01 6.939000892e-01 6.591706825e-01 6.247536291e-01
 5.906960547e-01 5.570471353e-01 5.238571990e-01 4.911710150e-01 4.590081542e-01
 4.273734439e-01 3.962739742e-01 3.657278784e-01 3.358041230e-01 3.066680653e-01
 2.785061958e-01 2.514967781e-01 2.257160953e-01 2.008622764e-01 1.764107715e-01
 1.518817800e-01 1.269718832e-01 1.021517240e-01 7.873321353e-02 5.805741994e-02
 4.110644847e-02 2.852182229e-02 2.076855791e-02 1.815513505e-02 2.144475819e-02
 3.178658966e-02 4.985096671e-02 7.555262492e-02 1.080371967e-01 1.461231320e-01
 1.888170968e-01 2.352972930e-01 2.847470643e-01 3.363272997e-01 3.895566775e-01
 4.444202549e-01 5.010714642e-01 5.597428255e-01 6.207348848e-01 6.842363118e-01
 7.501469777e-01 8.182534670e-01 8.883347567e-01 9.601599420e-01 1.033484974e+00
 1.108094703e+00 1.183870799e+00 1.260755831e+00 1.338705175e+00 1.417681117e+00
 1.497654849e+00 1.578606601e+00 1.660518467e+00 1.743355230e+00 1.827062203e+00
 1.911582124e+00 1.996860632e+00 2.082849059e+00 2.169518188e+00 2.256743655e+00
 3.182872107e+00 3.145443095e+00 3.108096400e+00 3.070843046e+00 3.033678308e+00
 2.996600437e+00 2.959608195e+00 2.922700145e+00 2.885874610e+00 2.849129518e+00
 2.812462008e+00 2.775867031e+00 2.739336701e+00 2.702862806e+00 2.666438010e+00
 2.630055319e+00 2.593707249e+00 2.557384870e+00 2.521078207e+00 2.484777160e+00
 2.448473315e+00 2.412163081e+00 2.375846663e+00 2.339525157e+00 2.303200071e+00
 2.266873596e+00 2.230548513e+00 2.194227876e+00 2.157914088e+00 2.121605454e+00
 2.085292562e+00 2.048962596e+00 2.012602586e+00 1.976199902e+00 1.939742931e+00
 1.903221683e+00 1.866627971e+00 1.829958299e+00 1.793215238e+00 1.756404082e+00
 1.719531033e+00 1.682601001e+00 1.645617356e+00 1.608582691e+00 1.571499121e+00
 1.534367947e+00 1.497192107e+00 1.459974848e+00 1.422718390e+00 1.385424972e+00
 1.348098574e+00 1.310745241e+00 1.273372924e+00 1.235990549e+00 1.198607063e+00
 1.161232287e+00 1.123878521e+00 1.086563304e+00 1.049308173e+00 1.012136432e+00
 9.750731007e-01 9.381445968e-01 9.013729110e-01 8.647685821e-01 8.283401038e-01
 7.920982100e-01 7.560554502e-01 7.202307119e-01 6.846590250e-01 6.493858206e-01
 6.144583387e-01 5.799250632e-01 5.458289444e-01 5.121867134e-01 4.789988752e-01
 4.462677563e-01 4.140047956e-01 3.822673081e-01 3.512174767e-01 3.210498819e-01
 2.919546073e-01 2.640501740e-01 2.370983889e-01 2.105324941e-01 1.837998150e-01
 1.564617209e-01 1.286988708e-01 1.017884391e-01 7.725603511e-02 5.634026729e-02
 3.992287792e-02 2.867462903e-02 2.308037600e-02 2.378006412e-02 3.194213711e-02
 4.828171541e-02 7.282845064e-02 1.048088580e-01 1.429429060e-01 1.860527038e-01
 2.332187627e-01 2.836337869e-01 3.364332786e-01 3.908674891e-01 4.467149624e-01
 5.040846571e-01 5.631842406e-01 6.242974130e-01 6.877355195e-01 7.535981298e-01
 8.217273501e-01 8.919063902e-01 9.639165679e-01 1.037526903e+00 1.112498293e+00
 1.188638386e+00 1.265854121e+00 1.344098397e+00 1.423332464e+00 1.503524501e+00
 1.584651098e+00 1.666697149e+00 1.749647672e+00 1.833468620e+00 1.918107587e+00
 2.003509800e+00 2.089626587e+00 2.176429038e+00 2.263792307e+00 3.256991164e+00
 3.219776881e+00 3.182641305e+00 3.145594979e+00 3.108633449e+00 3.071754994e+00
 3.034958179e+00 2.998241209e+00 2.961601867e+00 2.925037121e+00 2.888541625e+00
 2.852107326e+00 2.815725972e+00 2.779390145e+00 2.743092713e+00 2.706826065e+00
 2.670581191e+00 2.634348039e+00 2.598116372e+00 2.561877335e+00 2.525626589e+00
 2.489363819e+00 2.453089740e+00 2.416805396e+00 2.380512476e+00 2.344213239e+00
 2.307910279e+00 2.271605876e+00 2.235299440e+00 2.198982893e+00 2.162643409e+00
 2.126267530e+00 2.089842045e+00 2.053354379e+00 2.016793439e+00 1.980149558e+00
 1.943416196e+00 1.906593106e+00 1.869683886e+00 1.832693632e+00 1.795627122e+00
 1.758487401e+00 1.721276467e+00 1.683995887e+00 1.646646111e+00 1.609227838e+00
 1.571743278e+00 1.534193904e+00 1.496580554e+00 1.458904644e+00 1.421169687e+00
 1.383380844e+00 1.345545037e+00 1.307669545e+00 1.269761858e+00 1.231830608e+00
 1.193887546e+00 1.155949896e+00 1.118038010e+00 1.080173766e+00 1.042380797e+00
 1.004683633e+00 9.671004937e-01 9.296385292e-01 8.923040674e-01 8.551056161e-01
 8.180535031e-01 7.811649673e-01 7.444741000e-01 7.080247324e-01 6.718622713e-01
 6.360334574e-01 6.005795770e-01 5.655149020e-01 5.308360826e-01 4.965411816e-01
 4.626357255e-01 4.291657129e-01 3.962868485e-01 3.642001887e-01 3.331039217e-01
 3.031506522e-01 2.741824486e-01 2.456164776e-01 2.168377265e-01 1.873060230e-01
 1.569227783e-01 1.267965639e-01 9.857439604e-02 7.372878627e-02 5.337247662e-02
 3.835488516e-02 2.937174199e-02 2.704772725e-02 3.248962258e-02 4.660467428e-02
 6.949776017e-02 1.005247445e-01 1.384056469e-01 1.817226421e-01 2.294210321e-01
 2.806501765e-01 3.345682344e-01 3.903008484e-01 4.473103795e-01 5.055878724e-01
 5.653187471e-01 6.267560115e-01 6.902251211e-01 7.560115268e-01 8.241137973e-01
 8.943405915e-01 9.664777086e-01 1.040308000e+00 1.115600791e+00 1.192125049e+00
 1.269714908e+00 1.348298365e+00 1.427836206e+00 1.508295056e+00 1.589648463e+00
 1.671877874e+00 1.754972308e+00 1.838919188e+00 1.923685268e+00 2.009219619e+00
 2.095473116e+00 2.182416998e+00 2.269925855e+00 3.331495498e+00 3.294485253e+00
 3.257550206e+00 3.220700482e+00 3.183931741e+00 3.147242058e+00 3.110629632e+00
 3.074092133e+00 3.037626353e+00 3.001226669e+00 2.964884889e+00 2.928592745e+00
 2.892342757e+00 2.856127681e+00 2.819939805e+00 2.783770064e+00 2.747608357e+00
 2.711444352e+00 2.675268829e+00 2.639076743e+00 2.602867275e+00 2.566640793e+00
 2.530397933e+00 2.494139924e+00 2.457868552e+00 2.421585973e+00 2.385294241e+00
 2.348993524e+00 2.312677358e+00 2.276333233e+00 2.239947328e+00 2.203505983e+00
 2.166995901e+00 2.130404978e+00 2.093722464e+00 2.056939579e+00 2.020052881e+00
 1.983064128e+00 1.945977102e+00 1.908796159e+00 1.871524256e+00 1.834163011e+00
 1.796713350e+00 1.759175591e+00 1.721548823e+00 1.683833514e+00 1.646030644e+00
 1.608140153e+00 1.570161789e+00 1.532096515e+00 1.493947224e+00 1.455718334e+00
 1.417415620e+00 1.379044851e+00 1.340612263e+00 1.302125552e+00 1.263596293e+00
 1.225041269e+00 1.186479652e+00 1.147932023e+00 1.109420735e+00 1.070968352e+00
 1.032589174e+00 9.942874696e-01 9.560676719e-01 9.179362498e-01 8.799015540e-01
 8.419794696e-01 8.042032985e-01 7.666153546e-01 7.292593083e-01 6.921802504e-01
 6.554179397e-01 6.189845277e-01 5.828732293e-01 5.470782773e-01 5.116000450e-01
 4.764738611e-01 4.418460657e-01 4.079224972e-01 3.749070566e-01 3.429781891e-01
 3.120628183e-01 2.815925745e-01 2.508985786e-01 2.193666532e-01 1.866688996e-01
 1.536219837e-01 1.219231248e-01 9.324442193e-02 6.891444596e-02 4.996207643e-02
 3.727209409e-02 3.155441895e-02 3.380177413e-02 4.517671215e-02 6.590659420e-02
 9.548624568e-02 1.327049438e-01 1.759823628e-01 2.240359416e-01 2.759191309e-01
 3.308026065e-01 3.878017009e-01 4.461181599e-01 5.054893045e-01 5.660442737e-01
 6.280167135e-01 6.917025147e-01 7.574521413e-01 8.254834976e-01 8.957073105e-01
 9.679181322e-01 1.041905850e+00 1.117454176e+00 1.194333614e+00 1.272324922e+00
 1.351290332e+00 1.431174776e+00 1.511945104e+00 1.593572892e+00 1.676036563e+00
 1.759321941e+00 1.843421703e+00 1.928325095e+00 2.013998758e+00 2.100396527e+00
 2.187489303e+00 2.275151060e+00 3.406361121e+00 3.369544658e+00 3.332800024e+00
 3.296136762e+00 3.259550427e+00 3.223038744e+00 3.186599378e+00 3.150228969e+00
 3.113921619e+00 3.077669031e+00 3.041462942e+00 3.005295825e+00 2.969160347e+00
 2.933048719e+00 2.896951843e+00 2.860859591e+00 2.824761575e+00 2.788648277e+00
 2.752513992e+00 2.716357406e+00 2.680178574e+00 2.643977767e+00 2.607755800e+00
 2.571514024e+00 2.535254185e+00 2.498978052e+00 2.462686241e+00 2.426373974e+00
 2.390029419e+00 2.353638544e+00 2.317187338e+00 2.280661984e+00 2.244049497e+00
 2.207338257e+00 2.170517955e+00 2.133582083e+00 2.096530182e+00 2.059364658e+00
 2.022089054e+00 1.984706351e+00 1.947217926e+00 1.909624241e+00 1.871925338e+00
 1.834119895e+00 1.796206447e+00 1.758185025e+00 1.720055107e+00 1.681815429e+00
 1.643464972e+00 1.605004431e+00 1.566435969e+00 1.527763331e+00 1.488991045e+00
 1.450123589e+00 1.411166124e+00 1.372125679e+00 1.333013912e+00 1.293847012e+00
 1.254643008e+00 1.215421297e+00 1.176203035e+00 1.137008675e+00 1.097848590e+00
 1.058724625e+00 1.019639546e+00 9.805979588e-01 9.416064610e-01 9.026798589e-01
 8.638507755e-01 8.251600801e-01 7.866497991e-01 7.483634589e-01 7.103394122e-01
 6.725879909e-01 6.350993512e-01 5.978642780e-01 5.608787057e-01 5.241681378e-01
 4.878671494e-01 4.521845317e-01 4.173288717e-01 3.834970904e-01 3.506942439e-01
 3.183996879e-01 2.859010135e-01 2.525299276e-01 2.177867950e-01 1.821226586e-01
 1.471958580e-01 1.148316990e-01 8.655985933e-02 6.359375613e-02 4.696777067e-02
 3.754524051e-02 3.624101482e-02 4.435437210e-02 6.241037993e-02 9.001642582e-02
 1.260861690e-01 1.690104296e-01 2.172027972e-01 2.695720534e-01 3.252494386e-01
 3.833788848e-01 4.430621315e-01 5.036982469e-01 5.652652354e-01 6.279718631e-01
 6.920882155e-01 7.579500426e-01 8.259062967e-01 8.960755137e-01 9.683082535e-01
 1.042396682e+00 1.118133972e+00 1.195304504e+00 1.273681320e+00 1.353060974e+00
 1.433333505e+00 1.514456898e+00 1.596402817e+00 1.679147430e+00 1.762673571e+00
 1.846971035e+00 1.932035624e+00 2.017857238e+00 2.104405665e+00 2.191654096e+00
 2.279475429e+00 3.481565426e+00 3.444932940e+00 3.408368834e+00 3.371881905e+00
 3.335467462e+00 3.299122723e+00 3.262844270e+00 3.226625961e+00 3.190459414e+00
 3.154336387e+00 3.118249325e+00 3.082190823e+00 3.046153038e+00 3.010126856e+00
 2.974102145e+00 2.938068490e+00 2.902016136e+00 2.865938770e+00 2.829834589e+00
 2.793703354e+00 2.757545023e+00 2.721360028e+00 2.685149329e+00 2.648914286e+00
 2.612656365e+00 2.576376365e+00 2.540071071e+00 2.503729719e+00 2.467338252e+00
 2.430882370e+00 2.394347898e+00 2.357721154e+00 2.320989719e+00 2.284142266e+00
 2.247169838e+00 2.210069256e+00 2.172841492e+00 2.135489033e+00 2.098014673e+00
 2.060419755e+00 2.022704458e+00 1.984868353e+00 1.946910314e+00 1.908827649e+00
 1.870618799e+00 1.832282895e+00 1.793818048e+00 1.755222034e+00 1.716493410e+00
 1.677632523e+00 1.638640896e+00 1.599521545e+00 1.560277735e+00 1.520912866e+00
 1.481431206e+00 1.441839418e+00 1.402149328e+00 1.362376415e+00 1.322537624e+00
 1.282651281e+00 1.242737375e+00 1.202814056e+00 1.162887901e+00 1.122958734e+00
 1.083027848e+00 1.043098148e+00 1.003174682e+00 9.632714361e-01 9.234204282e-01
 8.836611497e-01 8.440340702e-01 8.045812317e-01 7.653396879e-01 7.263182182e-01
 6.875042603e-01 6.488854876e-01 6.104540498e-01 5.722265873e-01 5.343240524e-01
 4.969562541e-01 4.603360526e-01 4.246724727e-01 3.900364225e-01 3.559846516e-01
 3.217752308e-01 2.866966651e-01 2.501300593e-01 2.121550547e-01 1.742740604e-01
 1.384136556e-01 1.062893432e-01 7.929446557e-02 5.859252574e-02 4.522050450e-02
 4.009524396e-02 4.448504451e-02 5.935358744e-02 8.445714474e-02 1.188552761e-01
 1.609964921e-01 2.090755068e-01 2.617441131e-01 3.180414078e-01 3.771247216e-01
 4.380996410e-01 5.001281416e-01 5.628896393e-01 6.265201465e-01 6.912741663e-01
 7.574558819e-01 8.254321027e-01 8.955152123e-01 9.677162133e-01 1.041851856e+00
 1.117717837e+00 1.195109654e+00 1.273812390e+00 1.353603454e+00 1.434299415e+00
 1.515815886e+00 1.598120474e+00 1.681188916e+00 1.765001656e+00 1.849545532e+00
 1.934813844e+00 2.020804391e+00 2.107510734e+00 2.194920491e+00 2.282907451e+00
 3.557086845e+00 3.520628709e+00 3.484235273e+00 3.447914429e+00 3.411661105e+00
 3.375471394e+00 3.339339015e+00 3.303255539e+00 3.267212756e+00 3.231203095e+00
 3.195219098e+00 3.159252882e+00 3.123295335e+00 3.087336335e+00 3.051365468e+00
 3.015372801e+00 2.979351465e+00 2.943299170e+00 2.907215406e+00 2.871099851e+00
 2.834952595e+00 2.798774240e+00 2.762565792e+00 2.726328422e+00 2.690062928e+00
 2.653767329e+00 2.617432331e+00 2.581044068e+00 2.544588017e+00 2.508049751e+00
 2.471415087e+00 2.434670855e+00 2.397804998e+00 2.360806881e+00 2.323670394e+00
 2.286394812e+00 2.248981498e+00 2.211432682e+00 2.173749829e+00 2.135932951e+00
 2.097981254e+00 2.059893543e+00 2.021667082e+00 1.983298645e+00 1.944786468e+00
 1.906128425e+00 1.867321569e+00 1.828362968e+00 1.789251002e+00 1.749985485e+00
 1.710567448e+00 1.670999067e+00 1.631282443e+00 1.591420057e+00 1.551415476e+00
 1.511275324e+00 1.471011518e+00 1.430638753e+00 1.390172975e+00 1.349631533e+00
 1.309033253e+00 1.268393731e+00 1.227716027e+00 1.186998287e+00 1.146240482e+00
 1.105443970e+00 1.064612437e+00 1.023759292e+00 9.829159898e-01 9.421207048e-01
 9.014124332e-01 8.608318062e-01 8.204146737e-01 7.801684999e-01 7.400783105e-01
 7.001289676e-01 6.603094158e-01 6.206284446e-01 5.811921036e-01 5.422091989e-01
 5.038965271e-01 4.664699264e-01 4.300526937e-01 3.943002781e-01 3.584594478e-01
 3.217791505e-01 2.835624285e-01 2.435753446e-01 2.030294478e-01 1.638957319e-01
 1.280537557e-01 9.706620250e-02 7.223153607e-02 5.473094374e-02 4.556316184e-02
 4.590258468e-02 5.707397496e-02 7.915606389e-02 1.113361269e-01 1.521808930e-01
 1.998281684e-01 2.525760051e-01 3.093151043e-01 3.691669908e-01 4.312698122e-01
 4.947121769e-01 5.588296783e-01 6.235692831e-01 6.891546186e-01 7.558703587e-01
 8.240547346e-01 8.940897166e-01 9.662115564e-01 1.040340274e+00 1.116279169e+00
 1.193828612e+00 1.272785578e+00 1.352936060e+00 1.434064239e+00 1.516010761e+00
 1.598712712e+00 1.682144621e+00 1.766285982e+00 1.851121254e+00 1.936640813e+00
 2.022840397e+00 2.109722875e+00 2.197299962e+00 2.285457501e+00 3.632905854e+00
 3.596612389e+00 3.560379568e+00 3.524214241e+00 3.488110266e+00 3.452060827e+00
 3.416057553e+00 3.380092290e+00 3.344157458e+00 3.308245560e+00 3.272348694e+00
 3.236457767e+00 3.200562683e+00 3.164653050e+00 3.128718802e+00 3.092752571e+00
 3.056751579e+00 3.020715058e+00 2.984642444e+00 2.948533516e+00 2.912388550e+00
 2.876208222e+00 2.839993417e+00 2.803744827e+00 2.767461340e+00 2.731135377e+00
 2.694753546e+00 2.658301182e+00 2.621763678e+00 2.585126516e+00 2.548375872e+00
 2.511499088e+00 2.474484465e+00 2.437323266e+00 2.400012601e+00 2.362552690e+00
 2.324944924e+00 2.287190766e+00 2.249290224e+00 2.211242303e+00 2.173045465e+00
 2.134697424e+00 2.096194067e+00 2.057532166e+00 2.018709336e+00 1.979722225e+00
 1.940567050e+00 1.901240465e+00 1.861740717e+00 1.822067037e+00 1.782220013e+00
 1.742200878e+00 1.702010753e+00 1.661651323e+00 1.621125654e+00 1.580440648e+00
 1.539608117e+00 1.498641945e+00 1.457557165e+00 1.416370251e+00 1.375098824e+00
 1.333755637e+00 1.292340641e+00 1.250850594e+00 1.209284262e+00 1.167641599e+00
 1.125925107e+00 1.084147832e+00 1.042340693e+00 1.000540601e+00 9.587851581e-01
 9.171136538e-01 8.755608189e-01 8.341330131e-01 7.928131285e-01 7.515834873e-01
 7.104303268e-01 6.693555977e-01 6.284497612e-01 5.879184946e-01 5.479821159e-01
 5.088593428e-01 4.707128679e-01 4.333077372e-01 3.959018588e-01 3.577071789e-01
 3.179788038e-01 2.762488632e-01 2.333333565e-01 1.911771748e-01 1.517914237e-01
 1.168973916e-01 8.793623702e-02 6.619598630e-02 5.281279789e-02 4.890163686e-02
 5.590805617e-02 7.445179327e-02 1.038693032e-01 1.428724064e-01 1.896450822e-01
 2.422170261e-01 2.992041912e-01 3.596406756e-01 4.226773305e-01 4.874185257e-01
 5.529965410e-01 6.190224490e-01 6.856254255e-01 7.530757261e-01 8.216846478e-01
 8.918216776e-01 9.638585995e-01 1.037926327e+00 1.113883720e+00 1.191532320e+00
 1.270676396e+00 1.351114172e+00 1.432633079e+00 1.515027157e+00 1.598163431e+00
 1.681996227e+00 1.766505129e+00 1.851673133e+00 1.937488259e+00 2.023943335e+00
 2.111039722e+00 2.198800031e+00 2.287133102e+00 3.709010650e+00 3.672871620e+00
 3.636788622e+00 3.600766684e+00 3.564796931e+00 3.528870665e+00 3.492979858e+00
 3.457116931e+00 3.421274330e+00 3.385444157e+00 3.349617382e+00 3.313783954e+00
 3.277933570e+00 3.242056170e+00 3.206143849e+00 3.170193279e+00 3.134203448e+00
 3.098173591e+00 3.062103201e+00 3.025992256e+00 2.989841119e+00 2.953650393e+00
 2.917420546e+00 2.881150910e+00 2.844835803e+00 2.808462674e+00 2.772016832e+00
 2.735483533e+00 2.698848069e+00 2.662096112e+00 2.625214417e+00 2.588190641e+00
 2.551014177e+00 2.513679438e+00 2.476185360e+00 2.438532389e+00 2.400721621e+00
 2.362753264e+00 2.324626216e+00 2.286338657e+00 2.247888370e+00 2.209271528e+00
 2.170483478e+00 2.131520955e+00 2.092380555e+00 2.053057985e+00 2.013548829e+00
 1.973849578e+00 1.933958180e+00 1.893873428e+00 1.853595399e+00 1.813124351e+00
 1.772460615e+00 1.731605205e+00 1.690560935e+00 1.649335154e+00 1.607939377e+00
 1.566386688e+00 1.524691290e+00 1.482868867e+00 1.440935755e+00 1.398901574e+00
 1.356763682e+00 1.314517684e+00 1.272161230e+00 1.229693015e+00 1.187114526e+00
 1.144438640e+00 1.101695751e+00 1.058921561e+00 1.016152353e+00 9.734261421e-01
 9.307766159e-01 8.882092215e-01 8.457049773e-01 8.032439185e-01 7.608099929e-01
 7.183993079e-01 6.760866757e-01 6.340723313e-01 5.925795269e-01 5.518275608e-01
 5.120067777e-01 4.729906016e-01 4.340756652e-01 3.944424068e-01 3.533168579e-01
 3.100716848e-01 2.650894393e-01 2.201902923e-01 1.774741410e-01 1.388089157e-01
 1.057768734e-01 7.975898921e-02 6.203337644e-02 5.372646774e-02 5.623286379e-02
 7.072257832e-02 9.683432905e-02 1.334152702e-01 1.787603581e-01 2.308172375e-01
 2.878185335e-01 3.486456855e-01 4.124147268e-01 4.782625725e-01 5.452739091e-01
 6.127315286e-01 6.805378023e-01 7.489172768e-01 8.181650152e-01 8.886195219e-01
 9.606735472e-01 1.034652653e+00 1.110572568e+00 1.188263074e+00 1.267531371e+00
 1.348184364e+00 1.430021367e+00 1.512832019e+00 1.596424356e+00 1.680694219e+00
 1.765608005e+00 1.851148022e+00 1.937300412e+00 2.024055766e+00 2.111412539e+00
 2.199392432e+00 2.287916787e+00 3.785349005e+00 3.749355328e+00 3.713412241e+00
 3.677520929e+00 3.641670720e+00 3.605853417e+00 3.570061577e+00 3.534287658e+00
 3.498523817e+00 3.462761049e+00 3.426989292e+00 3.391198273e+00 3.355377791e+00
 3.319519395e+00 3.283619448e+00 3.247676807e+00 3.211690512e+00 3.175659792e+00
 3.139584368e+00 3.103464322e+00 3.067300025e+00 3.031091793e+00 2.994839313e+00
 2.958538685e+00 2.922178265e+00 2.885743405e+00 2.849219255e+00 2.812590990e+00
 2.775843920e+00 2.738964239e+00 2.701939116e+00 2.664756684e+00 2.627408665e+00
 2.589892444e+00 2.552207560e+00 2.514354483e+00 2.476333576e+00 2.438143723e+00
 2.399782965e+00 2.361248845e+00 2.322538196e+00 2.283645724e+00 2.244566830e+00
 2.205297899e+00 2.165834407e+00 2.126171338e+00 2.086303843e+00 2.046228404e+00
 2.005942495e+00 1.965444606e+00 1.924734212e+00 1.883810655e+00 1.842673591e+00
 1.801323495e+00 1.759763162e+00 1.718000413e+00 1.676046338e+00 1.633913248e+00
 1.591614579e+00 1.549165286e+00 1.506580307e+00 1.463865961e+00 1.421017443e+00
 1.378029385e+00 1.334898391e+00 1.291622011e+00 1.248200857e+00 1.204647786e+00
 1.160992670e+00 1.117270045e+00 1.073514941e+00 1.029764146e+00 9.860503708e-01
 9.423782974e-01 8.987272792e-01 8.550752682e-01 8.114042167e-01 7.677051997e-01
 7.240377651e-01 6.805946135e-01 6.376012879e-01 5.952769720e-01 5.538310321e-01
 5.132354654e-01 4.728525045e-01 4.318382165e-01 3.893966324e-01 3.447955863e-01
 2.980058129e-01 2.506161100e-01 2.047741149e-01 1.624811801e-01 1.254542386e-01
 9.517520451e-02 7.303349782e-02 6.023346699e-02 5.807682799e-02 6.808149761e-02
 9.042137575e-02 1.240797340e-01 1.674963546e-01 2.186485232e-01 2.754373788e-01
 3.364797827e-01 4.008105038e-01 4.675800925e-01 5.358971926e-01 6.048672462e-01
 6.740302936e-01 7.435021286e-01 8.135627334e-01 8.845286361e-01 9.567651640e-01
 1.030677224e+00 1.106515781e+00 1.184199112e+00 1.263540173e+00 1.344350834e+00
 1.426440125e+00 1.509608866e+00 1.593649241e+00 1.678382815e+00 1.763732761e+00
 1.849676691e+00 1.936200219e+00 2.023291840e+00 2.110947727e+00 2.199185851e+00
 2.287931811e+00
 0.894721147E+00 0.898638012E+00 0.902506615E+00 0.906401491E+00 0.910339027E+00
 0.914325396E+00 0.918356180E+00 0.922429483E+00 0.926546849E+00 0.930709882E+00
 0.934922974E+00 0.939185842E+00 0.943498430E+00 0.947862018E+00 0.952277318E+00
 0.956745384E+00 0.961267368E+00 0.965843946E+00 0.970476909E+00 0.975167183E+00
 0.979916793E+00 0.984726541E+00 0.989598395E+00 0.994532958E+00 0.999531874E+00
 0.100459588E+01 0.100972693E+01 0.101492593E+01 0.102019476E+01 0.102553443E+01
 0.103094701E+01 0.103643404E+01 0.104199718E+01 0.104763845E+01 0.105335918E+01
 0.105916149E+01 0.106504717E+01 0.107101778E+01 0.107707530E+01 0.108322186E+01
 0.108945933E+01 0.109578964E+01 0.110221542E+01 0.110873887E+01 0.111536199E+01
 0.112208732E+01 0.112891749E+01 0.113585513E+01 0.114290262E+01 0.115006242E+01
 0.115733764E+01 0.116473137E+01 0.117224659E+01 0.117988619E+01 0.118765299E+01
 0.119555043E+01 0.120358217E+01 0.121175175E+01 0.122006291E+01 0.122851930E+01
 0.123712467E+01 0.124588326E+01 0.125479949E+01 0.126387782E+01 0.127312288E+01
 0.128253943E+01 0.129213235E+01 0.130190675E+01 0.131186799E+01 0.132202174E+01
 0.133237389E+01 0.134293047E+01 0.135369790E+01 0.136468286E+01 0.137589225E+01
 0.138733335E+01 0.139901397E+01 0.141094236E+01 0.142312704E+01 0.143557679E+01
 0.144830093E+01 0.146130929E+01 0.147461205E+01 0.148822006E+01 0.150214481E+01
 0.151639855E+01 0.153099421E+01 0.154594544E+01 0.156126666E+01 0.157697320E+01
 0.159308124E+01 0.160960821E+01 0.162657288E+01 0.164399529E+01 0.166189686E+01
 0.168030052E+01 0.169923069E+01 0.171871385E+01 0.173877887E+01 0.175945719E+01
 0.178078287E+01 0.180279281E+01 0.182552733E+01 0.184903087E+01 0.187335283E+01
 0.189854788E+01 0.192467631E+01 0.195180567E+01 0.198001251E+01 0.200938372E+01
 0.204001810E+01 0.207202896E+01 0.210554869E+01 0.214073264E+01 0.217776356E+01
 0.221686019E+01 0.225829770E+01 0.230239803E+01 0.234958720E+01 0.240047884E+01
 0.245554231E+01 0.251625984E+01 0.258433196E+01 0.265815641E+01 0.275275282E+01
 0.286486676E+01 0.297137775E+01 0.332403020E+01 0.423188567E+01
   99    5
 0.271969829E+01 0.224683509E-04 0.271833332E+01 0.666080648E-01 0.271419534E+01
 0.133808792E+00 0.270715892E+01 0.202264205E+00 0.269700880E+01 0.272666893E+00
 0.268342373E+01 0.345796089E+00 0.266977995E+01 0.406864461E+00 0.264875702E+01
 0.487308825E+00 0.262827664E+01 0.555767756E+00 0.261044735E+01 0.610043555E+00
 0.259020438E+01 0.667308111E+00 0.256722525E+01 0.728097358E+00 0.254112567E+01
 0.793095142E+00 0.250065448E+01 0.887910440E+00 0.242497463E+01 0.105545582E+01
 0.239546586E+01 0.112385513E+01 0.237709822E+01 0.115117615E+01 0.235249176E+01
 0.115547929E+01 0.232457549E+01 0.114358260E+01 0.227039767E+01 0.111652494E+01
 0.214826032E+01 0.105994076E+01 0.206023160E+01 0.101661026E+01 0.199877674E+01
 0.984572825E+00 0.194068316E+01 0.952585937E+00 0.188556830E+01 0.920425460E+00
 0.185033004E+01 0.898786986E+00 0.179955612E+01 0.865890230E+00 0.175112783E+01
 0.832307913E+00 0.170491815E+01 0.797891411E+00 0.167531146E+01 0.774403044E+00
 0.163266891E+01 0.738276651E+00 0.160542401E+01 0.713541287E+00 0.156635162E+01
 0.675401505E+00 0.154152306E+01 0.649256205E+00 0.150616182E+01 0.608931979E+00
 0.148387747E+01 0.581306617E+00 0.145244805E+01 0.538767769E+00 0.143286500E+01
 0.509691300E+00 0.140560029E+01 0.465052205E+00 0.138886121E+01 0.434646272E+00
 0.137329445E+01 0.403756744E+00 0.135217280E+01 0.356589434E+00 0.133959301E+01
 0.324641495E+00 0.132299781E+01 0.276056728E+00 0.131346124E+01 0.243279353E+00
 0.130145320E+01 0.193627813E+00 0.129498298E+01 0.160257711E+00 0.128758682E+01
 0.109891166E+00 0.128296344E+01 0.592610591E-01 0.128111200E+01 0.848962396E-02
 0.128203668E+01-0.423021181E-01 0.128573405E+01-0.929931510E-01 0.129220268E+01
-0.143462075E+00 0.129805630E+01-0.176923453E+00 0.130914112E+01-0.226747086E+00
 0.131806560E+01-0.259662351E+00 0.133374399E+01-0.308490716E+00 0.134571680E+01
-0.340624769E+00 0.136593911E+01-0.388104747E+00 0.138091430E+01-0.419224507E+00
 0.139706833E+01-0.449877750E+00 0.142347438E+01-0.494914040E+00 0.144250041E+01
-0.524268812E+00 0.147311357E+01-0.567244250E+00 0.150614378E+01-0.608905954E+00
 0.154150490E+01-0.649232879E+00 0.156633398E+01-0.675379450E+00 0.160540710E+01
-0.713521413E+00 0.163265379E+01-0.738256277E+00 0.167529614E+01-0.774386927E+00
 0.170490460E+01-0.797874772E+00 0.175111550E+01-0.832293556E+00 0.179954617E+01
-0.865875266E+00 0.185032173E+01-0.898773614E+00 0.188556112E+01-0.920413342E+00
 0.194067801E+01-0.952574502E+00 0.199877421E+01-0.984556153E+00 0.206023070E+01
-0.101659965E+01 0.214826223E+01-0.105992890E+01 0.227040318E+01-0.111651351E+01
 0.232458614E+01-0.114358888E+01 0.235250726E+01-0.115550180E+01 0.237711253E+01
-0.115118798E+01 0.239546513E+01-0.112380752E+01 0.242496032E+01-0.105536618E+01
 0.250063666E+01-0.887827250E+00 0.254110591E+01-0.793015696E+00 0.256720290E+01
-0.728018544E+00 0.259018288E+01-0.667234673E+00 0.261042434E+01-0.609971812E+00
 0.262825460E+01-0.555700199E+00 0.264873717E+01-0.487246678E+00 0.266976049E+01
-0.406805942E+00 0.268340413E+01-0.345739786E+00 0.269699394E+01-0.272615314E+00
 0.270714736E+01-0.202215500E+00 0.271418776E+01-0.133762239E+00 0.271833079E+01
-0.665628618E-01 0.271969829E+01 0.224683509E-04
 0.115056472E+01-0.138082465E+01 0.285879179E+01-0.138082465E+01 0.285879179E+01
 0.138082465E+01 0.115056472E+01 0.138082465E+01 0.115056472E+01-0.138082465E+01
    0

